total_timesteps,approxkl,ep_len_mean,clipfrac,ep_reward_mean,time_elapsed,policy_entropy,value_loss,serial_timesteps,true_reward,n_updates,fps,explained_variance,policy_loss,fps1
30000,0.00023538969,278.67,0.0,-38.49800392352044,0.017328262329101562,4.257666,19.416378,300,-0.17187709,1,2863,6.890296936035156e-05,-0.00027320656,25901
60000,0.0006874484,235.14,0.00029,-30.94626584894955,10.614085674285889,4.257888,62.008198,600,-0.25173092,2,6864,-6.842613220214844e-05,0.00036550272,35787
90000,0.0006347966,215.66,1.6666667e-05,-26.042551415711642,15.004963159561157,4.2528744,53.338753,900,-0.25092074,3,7241,0.0005507469177246094,0.00052598905,44165
120000,0.003008504,182.4,0.034433335,-21.77216488622129,19.167511224746704,4.2491064,82.541405,1200,-0.29982877,4,7056,0.000788569450378418,-0.0013573116,45503
150000,0.00244247,256.38,0.026296666,-32.69143013298512,23.439974308013916,4.2455645,41.070915,1500,-0.20838216,5,7110,-0.0018177032470703125,-0.0005530818,44373
180000,0.0025716082,272.5,0.015439999,-39.59275057792664,27.665781497955322,4.2471824,26.154297,1800,-0.19488437,6,7199,-0.0026726722717285156,-4.268885e-05,43998
210000,0.0040466506,276.84,0.044016667,-40.09713460616767,31.83901357650757,4.246229,25.167477,2100,-0.18880683,7,7296,-0.0027159452438354492,-0.00031923232,45589
240000,0.0025308323,265.14,0.022523332,-34.6791849681735,35.95659589767456,4.240107,30.232315,2400,-0.19339286,8,7140,-0.0014576911926269531,-0.000260818,43380
270000,0.0040087937,229.43,0.039946668,-31.45269312746823,40.16650629043579,4.234174,39.163673,2700,-0.23816729,9,7152,-0.0006674528121948242,-0.00041839544,44265
300000,0.0026753985,268.2,0.0126766665,-36.1276131208241,44.36788988113403,4.2302485,18.818684,3000,-0.18282683,10,7313,-0.0016632080078125,0.00067019893,44151
330000,0.0049174665,220.71,0.056500006,-26.959226145893336,48.47669076919556,4.227169,49.697033,3300,-0.25025326,11,7326,-0.0010564327239990234,4.3232332e-05,44735
360000,0.0040307175,274.09,0.037649997,-38.430043334886435,52.57827925682068,4.224759,25.57653,3600,-0.19198287,12,7194,-0.0016247034072875977,-0.00033523436,45035
390000,0.0048931856,271.64,0.060146667,-41.2020133189857,56.7557008266449,4.2225657,30.87177,3900,-0.21150705,13,7124,-0.0018385648727416992,-0.0005274745,44514
420000,0.002899786,268.01,0.022653334,-36.71136177875101,60.9733202457428,4.2161207,15.504026,4200,-0.18278623,14,7246,-0.00045108795166015625,-0.0008695774,45410
450000,0.0037245508,247.72,0.03983,-34.499904658496376,65.12006545066833,4.2096605,32.198715,4500,-0.22170743,15,7286,-0.0005960464477539062,-0.00019149466,44326
480000,0.0031689382,274.21,0.02672333,-36.32982647538185,69.24434971809387,4.205621,27.458212,4800,-0.18946488,16,7422,-0.0003445148468017578,-0.00057111075,44876
510000,0.00043295106,243.5,1.6666667e-05,-33.710108729526404,73.29285264015198,4.203848,32.2611,5100,-0.22974925,17,7256,-0.00014841556549072266,-0.00018947842,42795
540000,0.0025819275,258.61,0.016996667,-33.28158405020833,77.43485260009766,4.202903,32.267006,5400,-0.20457633,18,7366,-0.0002497434616088867,-0.0003144161,44474
570000,0.0010432994,223.13,0.00139,-27.390841603428125,81.5144259929657,4.2024355,44.815056,5700,-0.2445751,19,7281,-3.612041473388672e-05,-0.00025085275,44850
600000,0.0004904409,268.91,6.6666666e-06,-33.63315991126001,85.64168238639832,4.200746,12.396836,6000,-0.16921942,20,7115,-0.00015866756439208984,2.146103e-05,45005
630000,0.00047136843,270.3,1.3333333e-05,-36.21895535543561,89.86497092247009,4.1991386,20.92212,6300,-0.18695481,21,7368,-0.00011205673217773438,5.8907194e-06,44656
660000,0.0001842342,253.52,0.0,-34.04159801624715,93.94297289848328,4.198744,37.566704,6600,-0.22024153,22,7283,-7.283687591552734e-05,-0.000103759565,44276
690000,0.001104756,240.3,0.0014800001,-30.96186335064471,98.06822085380554,4.1992636,26.55759,6900,-0.20882675,23,7107,3.039836883544922e-06,-0.00025369663,43561
720000,0.00038221624,233.78,0.0,-28.47508198723197,102.29577040672302,4.2003837,41.456566,7200,-0.23157272,24,7205,2.6226043701171875e-05,0.00010820165,41448
750000,0.0003429028,232.62,0.0,-28.099782837852835,106.46637082099915,4.2012186,42.62968,7500,-0.24093445,25,7045,-2.1457672119140625e-05,-0.0003250888,39154
780000,0.0006746921,264.02,0.00026333335,-33.9417620112747,110.73157167434692,4.2016344,18.88921,7800,-0.18211608,26,7285,-5.2809715270996094e-05,-0.00044476808,44688
810000,0.001227715,269.12,0.0016199999,-35.75864799976349,114.85627555847168,4.201673,25.049467,8100,-0.19249988,27,7047,-4.208087921142578e-05,-4.9000802e-05,43521
840000,8.814324e-05,259.17,0.0,-37.749805281758306,119.11997509002686,4.201335,29.574228,8400,-0.22291718,28,7178,-2.1338462829589844e-05,-8.301901e-06,43303
870000,0.0010184656,261.19,0.00089333334,-38.05591438725591,123.30594205856323,4.200371,35.722286,8700,-0.22316039,29,7151,-1.8358230590820312e-05,-0.00038388366,40520
900000,0.0008397205,287.74,0.00085000007,-39.90493330396712,127.5073676109314,4.1996775,15.569249,9000,-0.16855478,30,7234,-5.137920379638672e-05,-0.00047785547,45719
930000,0.0017542716,241.51,0.007243334,-30.851368537396194,131.6607596874237,4.1996956,24.50449,9300,-0.21176171,31,7253,-1.823902130126953e-05,-0.0007368288,44862
960000,0.00067888957,217.8,0.00021333333,-27.366353776454925,135.80358624458313,4.1995425,43.54331,9600,-0.2559037,32,6759,4.017353057861328e-05,-0.00059568894,29918
990000,0.0013687082,236.04,0.0028766666,-28.220140008553862,140.25019669532776,4.1997123,33.899323,9900,-0.22501472,33,7384,4.5299530029296875e-06,0.0002206203,44526
1020000,0.00016383,218.85,0.0,-26.646012015864255,144.3197340965271,4.199706,35.6607,10200,-0.24221984,34,7077,7.784366607666016e-05,-8.341294e-06,43618
1050000,0.0074089416,220.49,0.10963,-29.117011996880173,148.5657777786255,4.19905,38.915886,10500,-0.25223193,35,6926,4.8160552978515625e-05,0.00088604336,43501
1080000,0.0055271746,232.21,0.071836665,-34.15245128266513,152.9037570953369,4.198531,35.872185,10800,-0.25361586,36,7208,4.76837158203125e-05,-0.0007359608,44454
1110000,0.00014236887,272.37,0.0,-36.423258187361064,157.0727198123932,4.197829,22.3567,11100,-0.18713787,37,7241,-5.161762237548828e-05,3.948731e-05,43846
1140000,0.0004974355,270.41,4.6666668e-05,-36.18467439819128,161.22233510017395,4.1963596,18.460054,11400,-0.18432738,38,7183,-9.417533874511719e-05,-0.00035725842,45851
1170000,0.0002924398,258.72,0.0,-34.0381052801013,165.4052755832672,4.194191,26.237274,11700,-0.20306884,39,7449,-3.8504600524902344e-05,0.00018486056,42715
1200000,8.016266e-05,258.75,0.0,-33.568410216122864,169.43953037261963,4.191578,31.48179,12000,-0.2107773,40,7416,-3.898143768310547e-05,-6.7623805e-05,43780
1230000,0.00019744496,276.6,0.0,-36.71438302770257,173.49157452583313,4.1902413,24.066341,12300,-0.18885973,41,7116,-4.8995018005371094e-05,-0.000109618806,43466
1260000,0.00097274047,281.32,0.0022800001,-39.47701627835632,177.71355152130127,4.1875606,17.015045,12600,-0.1801014,42,7255,-5.602836608886719e-05,-0.00070416334,44339
1290000,0.0005780164,242.98,0.0,-33.432044146582484,181.8546380996704,4.185012,20.673338,12900,-0.21283805,43,7353,-7.081031799316406e-05,0.0005708308,43966
1320000,0.0007382672,217.5,0.00026666667,-28.52395420201123,185.94182419776917,4.183432,37.533752,13200,-0.25227234,44,7317,1.9669532775878906e-05,-0.0006458975,43972
1350000,0.00058960024,261.0,8.0000005e-05,-32.518464990705255,190.04886412620544,4.181487,26.860691,13500,-0.19522886,45,7036,-6.365776062011719e-05,-0.00018491718,44145
1380000,0.00038732417,255.64,0.0,-32.106922740004954,194.31915926933289,4.1783895,25.235727,13800,-0.20234421,46,7208,-9.310245513916016e-05,-0.00010023222,44872
1410000,0.0007877168,249.59,0.00039,-32.745077939480545,198.48801612854004,4.17556,39.11499,14100,-0.23026921,47,7146,-1.4901161193847656e-05,-0.00038989034,45127
1440000,0.0019401442,282.25,0.01199,-39.26757846713066,202.69310641288757,4.172929,16.314169,14400,-0.17816472,48,7196,-4.7326087951660156e-05,-0.0005075607,45536
1470000,0.00034652586,210.06,0.0,-29.4286431697011,206.86878371238708,4.1664023,34.951855,14700,-0.26844785,49,7350,4.3451786041259766e-05,0.0002686418,45768
1500000,0.0014125204,230.5,0.0066533326,-31.193111924007535,210.95798420906067,4.162962,21.921762,15000,-0.23301592,50,7284,-8.428096771240234e-05,-0.0013888798,45334
1530000,0.001199446,263.19,0.0012933334,-36.38176386035979,215.0830934047699,4.16203,27.032578,15300,-0.20460956,51,7244,-4.5180320739746094e-05,7.131114e-05,44000
1560000,0.0002629854,228.64,0.0,-29.995435385927557,219.23043060302734,4.1595945,49.71517,15600,-0.26172495,52,7218,2.580881118774414e-05,-0.00017517223,44857
1590000,0.0013431831,250.72,0.00471,-32.18788911044598,223.39299321174622,4.158038,28.170765,15900,-0.21489207,53,7385,-6.0439109802246094e-05,-0.0004959357,43800
1620000,0.00067268836,229.84,0.000120000004,-29.49757493443787,227.46269416809082,4.1581426,32.556717,16200,-0.23699005,54,7108,-5.2094459533691406e-05,-0.00018232813,45242
1650000,0.001446112,257.74,0.005693333,-35.971351623535156,231.69005489349365,4.1575603,23.597385,16500,-0.20688285,55,7150,-0.00010859966278076172,-0.00051282777,43302
1680000,0.0023364306,281.68,0.018743332,-41.66061090923846,235.89217519760132,4.156195,23.0817,16800,-0.19911009,56,7255,-5.459785461425781e-05,-0.00065561524,43459
1710000,0.0031250685,249.59,0.030903334,-32.36005282431841,240.03347253799438,4.1533747,22.919086,17100,-0.21591964,57,7155,-0.00014901161193847656,-0.00088629045,42926
1740000,0.0010217201,211.31,0.0009966666,-25.517687757909297,244.23287653923035,4.153021,32.476017,17400,-0.25456005,58,7185,-4.017353057861328e-05,-8.8657885e-05,43699
1770000,0.00317808,231.57,0.033490002,-30.81216131590307,248.41536498069763,4.1511493,25.646332,17700,-0.22751637,59,7178,-0.00010228157043457031,-0.0015004734,43710
1800000,0.007334928,282.99,0.10953333,-40.5522670082748,252.60178089141846,4.1437693,14.373639,18000,-0.18245406,60,7190,-0.00016200542449951172,-0.0011810061,42359
1830000,0.003032884,272.14,0.021569999,-35.665708104223015,256.78076338768005,4.132588,17.68164,18300,-0.18598433,61,6915,-0.00015652179718017578,4.710831e-05,35208
1860000,0.00017372935,252.33,0.0,-31.51951398484409,261.1267557144165,4.123416,27.465998,18600,-0.20687023,62,7037,-0.00011301040649414062,0.00013060568,42755
1890000,0.0043353187,264.07,0.051716667,-34.44884452044964,265.3964378833771,4.1167455,19.07147,18900,-0.18552871,63,7403,-0.00015664100646972656,-0.0004872977,46153
1920000,0.005337891,228.9,0.069963336,-31.247324036583304,269.45524311065674,4.110679,32.406643,19200,-0.24300982,64,7268,-4.124641418457031e-05,-0.001812313,45117
1950000,0.0010522464,241.6,0.0036499999,-30.112735511884093,273.5894544124603,4.1069365,25.369148,19500,-0.21796891,65,7157,-0.00012862682342529297,-0.0005074975,43686
1980000,0.0034168265,279.91,0.03368,-36.909142699614165,277.7875189781189,4.1053233,14.262392,19800,-0.16952549,66,7292,-0.0001938343048095703,-0.00033487877,42532
2010000,0.001064081,225.38,0.0029366668,-30.811419333815575,281.9080913066864,4.105315,27.662334,20100,-0.25143623,67,7246,-7.975101470947266e-05,-0.0010279467,44191
2040000,0.0043855244,250.82,0.052763335,-31.563620803020896,286.0555946826935,4.1028414,26.868982,20400,-0.2149701,68,6663,-0.0001195669174194336,-0.00096046214,27471
2070000,0.003596482,236.55,0.041116666,-31.46178499750793,290.5653576850891,4.0969234,23.877085,20700,-0.22054309,69,7129,-0.00016987323760986328,-0.0011662383,43884
2100000,0.0027514193,285.26,0.025956666,-40.527912864238026,294.78058981895447,4.092252,16.768785,21000,-0.17952529,70,7289,-0.00013959407806396484,-0.0004290216,44179
2130000,0.004008268,255.21,0.04666,-31.656570852175356,298.9040729999542,4.0879903,23.296154,21300,-0.20146753,71,7099,-0.00016367435455322266,-0.00058145844,43162
2160000,0.0024634365,248.86,0.014306666,-32.153134950101375,303.13686752319336,4.0794153,29.972591,21600,-0.21820104,72,7131,-0.0001068115234375,6.8673326e-05,44095
2190000,0.0048397756,266.81,0.06282,-35.3254219789803,307.3502609729767,4.0750446,23.668158,21900,-0.19546318,73,7150,-0.00014352798461914062,-0.00072446937,42963
2220000,0.0039072772,250.29,0.042583335,-30.221335236206652,311.5524010658264,4.0785756,24.146664,22200,-0.20380996,74,7245,-0.00014865398406982422,-0.00042105868,44472
2250000,0.0033098147,185.02,0.031400003,-22.400903546884656,315.7000529766083,4.084016,38.50759,22500,-0.28484413,75,7008,1.7881393432617188e-05,-0.00067639316,37122
2280000,0.00028399326,208.74,0.0,-24.32945873901248,319.9884464740753,4.086114,53.434265,22800,-0.281825,76,7354,8.881092071533203e-06,-7.0665556e-07,43688
2310000,0.0018768192,231.59,0.0123333335,-28.874228153750302,324.07471442222595,4.086978,39.87667,23100,-0.25089276,77,7119,-4.875659942626953e-05,-0.0012638677,43855
2340000,0.0005087879,262.3,1.6666667e-05,-33.129880439341065,328.2957763671875,4.085696,9.079568,23400,-0.16976485,78,7294,-0.0004696846008300781,4.819529e-05,44221
2370000,0.0031956905,255.31,0.03019,-32.938011093735696,332.41539216041565,4.0837216,13.583878,23700,-0.18856484,79,7160,-0.00036644935607910156,-0.0006436422,42723
2400000,0.0012325812,214.1,0.0031233332,-23.74829320549965,336.6114513874054,4.079731,33.055946,24000,-0.24106924,80,7249,-0.0001024007797241211,-0.00040863603,43560
2430000,0.0007405148,233.41,0.00019333334,-29.24614663437009,340.7570786476135,4.0771255,40.187294,24300,-0.2553037,81,7304,-3.039836883544922e-05,-0.0001579914,43288
2460000,0.00020244687,261.4,6.6666666e-06,-33.71125566415489,344.8712055683136,4.0748014,29.287363,24600,-0.20192067,82,7262,-9.572505950927734e-05,-4.453208e-05,44679
2490000,0.0030972003,258.51,0.03406,-32.953833208084106,349.0087068080902,4.0749288,23.117626,24900,-0.19837609,83,7397,-0.00017964839935302734,-0.00048413398,44914
2520000,0.002585453,249.04,0.023023333,-30.18644743554294,353.0708532333374,4.067266,23.303814,25200,-0.20150341,84,7118,-0.0001811981201171875,-0.00027461024,44823
2550000,0.0025231491,235.03,0.014636666,-28.81954300865531,357.29179978370667,4.0530453,30.492657,25500,-0.23217504,85,7247,-0.0001461505889892578,-0.00035319285,44282
2580000,0.0025280467,223.35,0.017253334,-26.451883581876753,361.4379527568817,4.044726,40.45536,25800,-0.25072524,86,7309,-5.257129669189453e-05,-0.00019433751,42782
2610000,0.0015346851,208.95,0.007876666,-27.047683748826383,365.5491178035736,4.0413284,35.463806,26100,-0.2660712,87,7266,-4.0650367736816406e-05,-0.0013542268,42533
2640000,0.004005636,255.87,0.04522667,-34.09676536932588,369.6852207183838,4.038293,15.285459,26400,-0.19481927,88,7288,-0.0002886056900024414,-0.00053701334,43326
2670000,0.001501836,210.86,0.0076200003,-26.969486252069473,373.8090109825134,4.035031,30.466272,26700,-0.25560054,89,7285,-0.0001062154769897461,-0.001121011,44352
2700000,0.0027888094,271.99,0.023946667,-35.31992237865925,377.93431639671326,4.0328746,17.381832,27000,-0.17955051,90,7111,-0.00018155574798583984,-0.00064764847,44148
2730000,0.000106605854,201.35,0.0,-26.485137777626516,382.15988302230835,4.031207,34.278675,27300,-0.27130696,91,7170,-4.410743713378906e-05,-0.00014382764,44507
2760000,0.005406264,243.5,0.07277667,-31.24639385767281,386.3517732620239,4.031708,25.160788,27600,-0.21920101,92,7214,-0.0001653432846069336,-0.00082123047,43589
2790000,0.0044446355,274.28,0.052100003,-35.51731331922114,390.5191490650177,4.0334754,18.01537,27900,-0.18241721,93,7150,-0.00021219253540039062,-0.00034174,42442
2820000,0.0004959947,188.44,0.00010666667,-23.908106882199647,394.72077775001526,4.033564,36.531334,28200,-0.2937446,94,6971,3.159046173095703e-05,-0.00072874204,44748
2850000,0.0057608285,244.09,0.080513336,-29.506589649245143,399.031720161438,4.0328703,19.021664,28500,-0.20219879,95,7108,-0.0003083944320678711,-0.0012028508,44568
2880000,0.0048501426,250.23,0.059603333,-29.999275932088494,403.25968766212463,4.031387,23.264767,28800,-0.20860033,96,7291,-0.00023376941680908203,-0.0007143286,44388
2910000,0.0030249907,241.76,0.026356667,-30.963870092853902,407.3814504146576,4.027621,32.19465,29100,-0.22362216,97,7228,-7.402896881103516e-05,-0.00024139162,42495
2940000,0.0010038519,280.15,0.00238,-38.2402007329464,411.5398323535919,4.023142,10.698507,29400,-0.1732413,98,7258,-0.0002955198287963867,-0.00061367627,43594
2970000,0.001997883,241.27,0.017063333,-28.905536709576847,415.6794900894165,4.019037,24.353216,29700,-0.2148941,99,7242,-0.00019598007202148438,-0.00048202797,42943
3000000,0.0048564556,249.33,0.06661,-32.24640162594616,419.82949781417847,4.0118017,19.694649,30000,-0.20742993,100,7305,-0.00025260448455810547,-0.0008565901,43931
3030000,0.0072463425,246.52,0.105686665,-33.41697666008025,423.9554204940796,4.00452,27.460165,30300,-0.22253129,101,7016,-0.0001100301742553711,-0.0014481992,37031
3060000,0.005465327,238.84,0.06849667,-30.67296315819025,428.2380094528198,3.9994004,25.559357,30600,-0.22295533,102,7312,-0.00019347667694091797,-0.0008909977,44505
3090000,0.0026218228,260.55,0.016449999,-34.5814058098197,432.34696340560913,3.9961617,19.874601,30900,-0.19583258,103,7118,-0.00021696090698242188,-2.3745295e-05,40097
3120000,0.004121355,236.22,0.04826,-29.21357015453279,436.56815361976624,3.995076,30.313349,31200,-0.22426955,104,6779,-0.00016295909881591797,-0.0007575888,30463
3150000,0.0026209927,267.5,0.01834,-36.47412825860083,441.0012366771698,3.9919956,10.138842,31500,-0.17955534,105,7364,-0.00039768218994140625,-0.000119865756,44995
3180000,0.0026994701,236.95,0.027710002,-28.369127525910734,445.0819480419159,3.9894416,28.209442,31800,-0.22722158,106,7038,-0.0002334117889404297,-0.00089573034,43391
3210000,0.0041031977,233.51,0.05096667,-27.758114921450616,449.3515954017639,3.9868844,30.777485,32100,-0.21685904,107,7260,-0.00012218952178955078,-0.0007888225,43302
3240000,0.0033546698,237.69,0.029409999,-28.510789370909333,453.4913158416748,3.980133,36.022015,32400,-0.22999829,108,7381,-0.00011467933654785156,-0.00034497926,45403
3270000,0.00092169165,253.54,0.0003533333,-32.44298340000212,457.56263613700867,3.9723701,28.766552,32700,-0.21421444,109,7275,-0.00016009807586669922,-0.00014994832,44405
3300000,0.0013910796,274.47,0.0043766666,-35.17746437191963,461.6936545372009,3.9653924,13.568857,33000,-0.17338903,110,7279,-0.0002516508102416992,0.000106229236,44012
3330000,0.0031452638,255.59,0.03424,-32.08083116259426,465.821350812912,3.9609742,20.0688,33300,-0.19674042,111,7204,-0.00027000904083251953,-0.0009769544,37975
3360000,0.0003217617,223.0,6.0000002e-05,-29.764092361405492,469.9919853210449,3.9578385,27.150356,33600,-0.23438868,112,7356,-0.00012826919555664062,-0.00032740162,43154
3390000,0.004154143,268.8,0.04777,-35.15414191126823,474.0778229236603,3.9549804,20.4183,33900,-0.18842384,113,7087,-0.00014674663543701172,-0.00069551775,45012
3420000,0.00082566513,235.06,0.0013733333,-28.392091305181385,478.31726717948914,3.9480329,34.690643,34200,-0.23102571,114,7162,-7.259845733642578e-05,-0.000490825,43404
3450000,0.0012387184,254.04,0.0021933333,-31.83382603302598,482.51332330703735,3.9400647,18.538233,34500,-0.18849602,115,7374,-0.00020599365234375,-0.00012138176,43621
3480000,0.00067134004,280.33,0.00047000003,-39.68999689094722,486.5881896018982,3.934414,13.790845,34800,-0.18099752,116,7405,-0.00016248226165771484,-0.00039365664,44068
3510000,0.0045984318,253.9,0.058426667,-34.54635856322944,490.6460847854614,3.9298825,19.203892,35100,-0.2113251,117,7114,-0.00020754337310791016,-0.0008573032,45524
3540000,0.0031001759,266.0,0.02783,-32.8155587220192,494.8707101345062,3.9306018,17.28756,35400,-0.17875151,118,7386,-0.0001430511474609375,-0.00051564997,44199
3570000,0.00035137282,219.28,3.3333333e-06,-28.88509347088635,498.9399571418762,3.9298775,32.771362,35700,-0.2558599,119,7161,-0.00012791156768798828,-1.7706828e-06,43633
3600000,0.0016109633,227.44,0.0073400005,-28.466452811434866,503.1365535259247,3.9299195,38.537045,36000,-0.2469985,120,7324,-4.935264587402344e-05,-0.00070294423,44968
3630000,0.00055881194,260.65,0.00080000004,-32.03347984209657,507.24026131629944,3.9297402,26.449377,36300,-0.20470135,121,7256,-9.143352508544922e-05,-0.00021329573,43676
3660000,0.003106178,247.06,0.030093336,-31.568109151348473,511.38164591789246,3.92707,26.406433,36600,-0.21725745,122,7232,-7.915496826171875e-05,-0.00040882482,44705
3690000,0.002516651,283.33,0.017186666,-39.434621041864155,515.5372145175934,3.9185233,17.178898,36900,-0.17977533,123,7288,-3.361701965332031e-05,-0.00017932836,43621
3720000,0.002605214,253.94,0.026273334,-34.02727879703045,519.6596817970276,3.9128175,16.140429,37200,-0.193468,124,7147,-0.00020754337310791016,-0.00065942993,43931
3750000,0.0003362025,266.79,0.0,-32.012852532193065,523.8639614582062,3.9080176,16.381304,37500,-0.17932165,125,7383,-0.00022304058074951172,-1.0544687e-05,43756
3780000,0.0037780527,244.5,0.047996666,-28.41818055383861,527.933890581131,3.9021373,30.156317,37800,-0.20917736,126,7159,-6.783008575439453e-05,-0.0007322581,42653
3810000,0.006889926,251.08,0.09989666,-33.70792750038206,532.131180524826,3.898898,18.557724,38100,-0.21097521,127,7287,-0.00012290477752685547,-0.0015656023,45634
3840000,0.003287491,255.76,0.035806667,-33.764772507250306,536.2552676200867,3.8999233,12.997043,38400,-0.18941265,128,7223,-0.0002617835998535156,-0.0007157966,44979
3870000,0.0050795916,252.93,0.06677999,-32.464921730458734,540.4150793552399,3.8974738,20.256113,38700,-0.20022205,129,7214,-0.00016748905181884766,-0.00077750534,44549
3900000,0.0032453449,240.65,0.029383335,-29.435259427055716,544.5801343917847,3.8929405,27.305012,39000,-0.21471131,130,7395,-7.450580596923828e-05,-0.00029996928,43838
3930000,0.0021274255,276.02,0.01229,-36.6754125854373,548.6430022716522,3.886335,12.083087,39300,-0.16931067,131,7169,-0.0001691579818725586,-0.0004810098,43383
3960000,0.0009767655,248.44,0.0021933333,-30.002858789563177,552.8344943523407,3.8821292,36.278877,39600,-0.2230113,132,7199,2.1696090698242188e-05,-0.00033729957,42124
3990000,0.0013374999,230.52,0.0021499998,-29.46974878139794,557.0088143348694,3.8813171,32.017754,39900,-0.2372488,133,7142,-1.5139579772949219e-05,2.5812303e-06,38417
4020000,0.0052464856,264.02,0.071616665,-36.742678306475284,561.2170948982239,3.879689,25.72078,40200,-0.20880485,134,7290,-0.00011181831359863281,-0.0008240735,45488
4050000,0.005299924,255.15,0.07138,-32.994430461078885,565.3386719226837,3.8766046,30.19075,40500,-0.2150935,135,7392,-1.4424324035644531e-05,-0.0008606009,44280
4080000,0.004202247,246.84,0.050193332,-33.75042738072574,569.4038064479828,3.8773944,28.743164,40800,-0.23034696,136,7292,-9.179115295410156e-06,-0.0010030424,43895
4110000,0.0018210415,243.01,0.01128,-31.736929772272706,573.5251953601837,3.876854,38.374847,41100,-0.23714396,137,7292,-2.396106719970703e-05,-0.00082437263,43209
4140000,0.004886055,275.3,0.06234333,-38.92284899692982,577.6459472179413,3.8732612,25.708355,41400,-0.19591618,138,6953,-1.9073486328125e-05,-0.0011133832,41907
4170000,0.0007684453,198.29,0.00021,-25.45045839898288,581.9665884971619,3.8678107,33.431507,41700,-0.2725047,139,7380,1.049041748046875e-05,-0.00068473624,43474
4200000,0.003014461,229.13,0.03043,-28.869588019996883,586.0397608280182,3.8653145,28.47761,42000,-0.2442466,140,6640,6.628036499023438e-05,-0.00085382006,28422
4230000,0.0004967613,283.95,3.6666668e-05,-37.58670165926218,590.5648646354675,3.8636734,8.142255,42300,-0.15663837,141,7351,-0.00035250186920166016,-0.00024428082,45881
4260000,0.0032212113,248.73,0.035796665,-32.008353016898035,594.6525659561157,3.8634334,27.918615,42600,-0.2125502,142,7208,-0.0001404285430908203,-0.0006318639,43425
4290000,0.00028368586,160.85,0.0,-19.845082685872914,598.8211190700531,3.8634553,45.117363,42900,-0.3158896,143,7309,0.00011622905731201172,-0.0002618749,42069
4320000,0.0047826124,222.37,0.063666664,-28.336036576777698,602.945996761322,3.8623815,25.517849,43200,-0.24712263,144,7365,-0.00012993812561035156,-0.0021380659,45444
4350000,0.00067904295,284.41,0.00029,-38.790112519413235,607.0260889530182,3.8612683,12.816564,43500,-0.16978933,145,7202,-0.00018525123596191406,-0.00049583084,44215
4380000,0.0039949478,242.05,0.048806667,-29.395324974432587,611.1971855163574,3.8603072,24.30577,43800,-0.21014287,146,7263,-0.00022161006927490234,-0.0005619287,43537
4410000,0.002204376,208.42,0.015006667,-25.585911561176182,615.3341257572174,3.8602066,33.77972,44100,-0.26255995,147,7333,5.7816505432128906e-05,8.546067e-05,44016
4440000,0.004441381,261.54,0.057159998,-36.67734384253621,619.4336078166962,3.8601506,13.459849,44400,-0.19410124,148,7182,-0.00019073486328125,-0.0014957733,43482
4470000,0.0013577349,254.86,0.006306667,-30.92102721720934,623.6172587871552,3.85852,19.984114,44700,-0.19332914,149,7285,-0.00025522708892822266,-0.0004180814,44656
4500000,0.0016067049,224.42,0.01077,-29.598653156831862,627.7421996593475,3.8545194,25.209532,45000,-0.2407079,150,7290,-9.644031524658203e-05,-0.001218257,43637
4530000,0.002287772,241.54,0.01454,-31.028276283703743,631.8640012741089,3.8525825,27.634333,45300,-0.22692084,151,7242,-0.00013256072998046875,-0.00017288113,46183
4560000,0.0023195404,258.71,0.016016668,-33.52753494732082,636.0128555297852,3.850879,22.428946,45600,-0.20040958,152,7256,-0.0001220703125,-0.0003199021,43751
4590000,0.0006640976,272.82,0.00037666666,-35.59888779386878,640.1538555622101,3.8477597,14.4415865,45900,-0.18078846,153,7308,-0.0001703500747680664,-0.0004372502,43443
4620000,0.0029352582,256.55,0.028263334,-32.03888858616352,644.265820980072,3.8459382,20.418583,46200,-0.18983313,154,7345,-0.00016641616821289062,-0.00089739653,44232
4650000,0.00040561473,211.72,0.0,-22.762178146988152,648.356858253479,3.845962,55.613457,46500,-0.2772181,155,7125,9.745359420776367e-05,0.00014096909,43159
4680000,0.0015111433,191.72,0.0055633336,-19.91742033161223,652.5740776062012,3.84581,47.653503,46800,-0.28056183,156,7356,0.00017714500427246094,-0.0009232856,43746
4710000,0.00083712145,259.36,0.00049,-32.67426860406995,656.6600172519684,3.8452091,16.153591,47100,-0.18432821,157,7165,-0.00022745132446289062,-0.00016604124,42865
4740000,0.00047276806,278.31,0.00012,-38.25948974054307,660.8541266918182,3.8437953,16.763317,47400,-0.18431126,158,7190,-0.0001214742660522461,-0.00024259218,44775
4770000,0.0020640916,265.24,0.012123333,-36.01426235735416,665.0338008403778,3.8393886,16.342632,47700,-0.18894018,159,7039,-0.0001385211944580078,-0.0003749676,43468
4800000,0.0033719433,233.93,0.036993332,-27.800734836906194,669.3022363185883,3.8325794,29.63873,48000,-0.22676954,160,7182,-6.401538848876953e-05,-0.00076974713,45255
4830000,0.0007663012,264.88,0.00092333334,-35.72070949424058,673.4862718582153,3.8299747,12.585167,48300,-0.18244542,161,7264,-0.0002181529998779297,-0.0005108951,44752
4860000,0.0009848515,279.09,0.0009466667,-36.993556944429876,677.6250777244568,3.8288078,10.108145,48600,-0.16732635,162,7035,-0.0002067089080810547,-2.3316388e-05,36280
4890000,0.00068043545,233.47,0.00031333332,-28.81824962630868,681.8958442211151,3.8284652,33.77716,48900,-0.23598431,163,7363,-7.641315460205078e-05,-0.00025052778,45507
4920000,0.0011710232,235.71,0.0057566664,-27.28201771184802,685.9768509864807,3.8272197,22.033882,49200,-0.20696045,164,7154,-0.00021076202392578125,-0.00031794613,44331
4950000,0.0007141497,246.0,0.0014633334,-31.885677503198384,690.1773381233215,3.8226466,33.74808,49500,-0.23380809,165,7452,-0.00011467933654785156,-0.00020873891,44296
4980000,0.007366065,265.93,0.10722999,-31.92836507663131,694.2098801136017,3.819189,20.515905,49800,-0.18697715,166,7314,-0.00035309791564941406,-0.00032789883,44370
5010000,0.0015904292,214.84,0.009396667,-27.6867903573066,698.3179790973663,3.8180504,31.351984,50100,-0.2522192,167,7406,3.314018249511719e-05,-0.00075262436,44058
5040000,0.0027069515,275.98,0.026713332,-39.95719702288508,702.3756217956543,3.8170247,19.675543,50400,-0.19069108,168,7240,-7.927417755126953e-05,-0.00064683065,41789
5070000,0.0008400117,245.66,0.0008833334,-29.03057362116873,706.525377035141,3.812035,37.460106,50700,-0.227663,169,6847,-5.543231964111328e-05,-0.00031848875,35558
5100000,0.0029304828,241.39,0.03312,-28.34894542455673,710.913537979126,3.8049378,34.429726,51000,-0.22735153,170,7361,-5.125999450683594e-05,-0.00044485315,44053
5130000,0.007336768,264.35,0.106060006,-33.54834187276661,714.9955987930298,3.7991042,18.94556,51300,-0.18564324,171,7291,0.00021946430206298828,0.00031155354,44673
5160000,0.0014772201,279.47,0.0044133337,-34.25099434487522,719.1168913841248,3.7963874,10.282028,51600,-0.15717494,172,7218,-9.822845458984375e-05,-0.0002673231,44893
5190000,0.00024877605,239.48,0.0,-27.45971545957029,723.2789103984833,3.795444,42.90862,51900,-0.23793307,173,7310,8.887052536010742e-05,-3.705195e-05,44910
5220000,0.0027463795,221.99,0.025096666,-26.566085311174394,727.3898293972015,3.7949085,45.36571,52200,-0.2560825,174,7249,0.00034564733505249023,-0.0007746241,42048
5250000,0.0013828386,268.7,0.0063166665,-36.6403303258121,731.5356078147888,3.7944922,23.453081,52500,-0.19541255,175,7269,6.347894668579102e-05,-0.00020974991,43516
5280000,0.0020429748,265.88,0.01804,-35.385600565969945,735.6700084209442,3.7961383,19.281986,52800,-0.193532,176,7288,2.9206275939941406e-05,-0.000716055,43668
5310000,0.003823467,232.13,0.04417,-28.25452244527638,739.7923927307129,3.7976124,24.443775,53100,-0.22450957,177,7154,0.00014853477478027344,-0.00036469862,43729
5340000,0.006560293,238.0,0.08953,-28.71878030449152,743.9925403594971,3.7944093,31.546635,53400,-0.22278273,178,7129,0.0006290674209594727,-0.00082537235,43681
5370000,0.0015886046,277.05,0.005533333,-33.86469750419259,748.2069127559662,3.7874026,14.581166,53700,-0.16536932,179,7153,0.002230703830718994,-0.00025215265,44228
5400000,0.0018869592,219.65,0.014649999,-25.69971041455865,752.4072506427765,3.784221,32.65595,54000,-0.24032556,180,7334,0.0006885528564453125,-0.00078934553,44065
5430000,0.0073489794,201.87,0.104033336,-22.274826776012777,756.5044231414795,3.7836986,35.187263,54300,-0.2572862,181,7125,0.002554774284362793,0.0019060755,43699
5460000,0.005144457,249.06,0.059239995,-30.51499775864184,760.7217810153961,3.7815673,28.098423,54600,-0.21476263,182,7213,0.0032802224159240723,-0.00026652584,44238
5490000,0.0014003403,261.57,0.0046566664,-33.37783322464675,764.8874533176422,3.7764459,19.795282,54900,-0.19063167,183,7232,0.004893362522125244,-0.00030144173,43563
5520000,0.0015008969,238.52,0.00997,-26.40142828308046,769.0420882701874,3.7738998,24.662647,55200,-0.20737728,184,7287,0.003925800323486328,-0.0003488444,45585
5550000,0.0029550109,215.5,0.029123332,-25.141285027563573,773.1662209033966,3.7701614,35.91781,55500,-0.25132337,185,7262,0.005157351493835449,-0.00046517368,43078
5580000,0.0053788023,251.09,0.06017667,-31.944706572294237,777.3038184642792,3.7685266,32.44039,55800,-0.22634839,186,7365,0.006631195545196533,-0.0001593228,44630
5610000,0.0018658547,261.69,0.008423333,-32.11174344547093,781.3838701248169,3.7671254,17.939228,56100,-0.18398158,187,7274,0.00939953327178955,-0.00016396683,43387
5640000,0.0018911235,212.58,0.014903334,-27.321445471271872,785.5141477584839,3.7674859,26.157154,56400,-0.24277936,188,7078,0.004981815814971924,-0.001206123,43213
5670000,0.0029042964,277.52,0.025173333,-39.02909928061068,789.7595980167389,3.767137,12.390786,56700,-0.17998499,189,7234,0.00821828842163086,-0.00067571586,43497
5700000,0.005256981,259.81,0.072399996,-36.2909507650882,793.9131739139557,3.764546,16.042131,57000,-0.19878209,190,7368,0.008481919765472412,-0.0010110907,42876
5730000,0.00621389,244.96,0.072340004,-29.97662207826972,797.9910204410553,3.7573338,20.223856,57300,-0.20419896,191,7246,0.007777154445648193,-0.0012770614,44154
5760000,0.0058841766,265.33,0.07649,-34.70225261770189,802.1377396583557,3.7546546,12.724374,57600,-0.18043181,192,7184,0.007048368453979492,-0.0010484656,42317
5790000,0.002526717,244.19,0.015176666,-29.41273154310882,806.3203103542328,3.7488492,21.049536,57900,-0.20399337,193,7379,0.005483090877532959,2.4048679e-05,44942
5820000,0.010749945,259.72,0.14544,-32.61209902368486,810.3928565979004,3.7410235,23.186066,58200,-0.19735587,194,7278,0.011414885520935059,-0.00015692777,44647
5850000,0.00064985047,151.41,0.00029000003,-17.83478525482118,814.5218577384949,3.7362568,50.84503,58500,-0.34845865,195,7323,0.0033870935440063477,-0.0007489611,44380
5880000,0.0020380584,194.25,0.014423333,-23.61422226689756,818.6393737792969,3.7344232,35.027992,58800,-0.27795246,196,7208,0.004782915115356445,-0.0013797963,44785
5910000,0.002115115,271.75,0.014136666,-34.341005841046574,822.8086256980896,3.732566,14.197311,59100,-0.17462164,197,7268,0.013610005378723145,-0.0007669325,38446
5940000,0.0031582448,243.37,0.037383333,-29.673451174497604,826.9434430599213,3.7299626,22.934845,59400,-0.20894773,198,7057,0.008966624736785889,-0.00073156285,39031
5970000,0.00459333,237.18,0.056190003,-28.075087129324675,831.2022383213043,3.7278075,18.510656,59700,-0.21081361,199,7339,-0.0002760887145996094,-0.00021021064,42743
6000000,0.0030661118,226.76,0.02879,-28.629625892601908,835.2975101470947,3.7274792,22.229486,60000,-0.23283798,200,7350,0.0077931880950927734,0.0010588617,44816
6030000,0.006248309,243.31,0.08335666,-30.94520202241838,839.3990166187286,3.728105,22.67413,60300,-0.21329229,201,6969,0.01451420783996582,-0.0014431548,36553
6060000,0.006746552,229.54,0.09069667,-28.65099876023829,843.7109606266022,3.729856,26.075388,60600,-0.22768375,202,7339,0.0057776570320129395,-0.00038680766,43284
6090000,0.0044768266,214.04,0.05240667,-23.928736572563647,847.8059992790222,3.7285972,34.156063,60900,-0.2496419,203,7255,0.010765492916107178,-0.00089183665,43875
6120000,0.0005357232,283.68,0.00395,-35.16957893788815,851.9480063915253,3.7257226,6.46733,61200,-0.15401404,204,7290,0.015284836292266846,-0.0004499605,44112
6150000,0.00054676953,255.2,0.0036233333,-31.397056726813318,856.0695853233337,3.7236695,31.600016,61500,-0.21683899,205,6999,0.017966508865356445,3.32601e-05,30504
6180000,0.0036954365,249.51,0.042146664,-29.260927365198732,860.3628189563751,3.7207007,18.323717,61800,-0.20199175,206,7286,0.0033347010612487793,-0.00074167276,42708
6210000,0.007070674,238.66,0.073306665,-26.604887048602105,864.4868853092194,3.7148852,21.397114,62100,-0.20551889,207,7307,0.007713794708251953,0.0007096493,44361
6240000,0.008642753,74.57,0.11298666,-9.820071370005607,868.5996334552765,3.7090092,106.54238,62400,-0.61278903,208,7309,0.006298243999481201,0.0015386492,43639
6270000,0.011582464,73.87,0.15039667,-10.750101513192057,872.7258439064026,3.7068374,123.7982,62700,-0.66555214,209,7269,0.008400261402130127,0.0025432662,43326
6300000,0.004509253,68.94,0.061919995,-9.402970073744655,876.8633377552032,3.7061296,131.0179,63000,-0.714101,210,7101,0.006242930889129639,-0.0013435532,42665
6330000,0.0047218786,77.14,0.05806666,-10.317627678588032,881.1125378608704,3.7057042,130.33235,63300,-0.7141111,211,7302,0.007717132568359375,-0.0016402288,43701
6360000,0.0021549654,67.88,0.013490001,-9.118859867677093,885.2320108413696,3.7050343,124.34702,63600,-0.70136184,212,7138,0.007414042949676514,-0.0020324017,41099
6390000,0.0008911812,89.84,0.00021333333,-10.912869205921888,889.4590237140656,3.7040145,120.863754,63900,-0.6137237,213,7274,0.013672590255737305,-0.0008576486,43425
6420000,0.0045843488,93.27,0.05115,-11.496371612101793,893.5932474136353,3.7033458,96.93065,64200,-0.5458004,214,7172,0.010646045207977295,-0.001824674,42122
6450000,0.000855293,124.96,0.004276667,-16.28226602181792,897.7857401371002,3.7028499,82.050934,64500,-0.46681446,215,7252,0.009358704090118408,-0.0011377397,44549
6480000,0.001723369,179.28,0.008993333,-23.654703553318978,901.9304628372192,3.7025344,64.88989,64800,-0.3605982,216,7072,0.01193302869796753,-0.0011683708,44090
6510000,0.0014164876,190.75,0.00505,-24.27235971800983,906.1812055110931,3.7022538,53.018646,65100,-0.31689286,217,7253,0.011651098728179932,-0.001481058,43246
6540000,0.003348694,208.24,0.036253333,-23.34842103354633,910.3248682022095,3.7017856,39.120384,65400,-0.25830153,218,7256,0.018019795417785645,-0.0016148591,44535
6570000,0.0010002672,239.99,0.0025633334,-27.893164455667137,914.4662969112396,3.7000718,23.354128,65700,-0.20908631,219,7434,0.0233309268951416,-3.662082e-05,44025
6600000,0.0018801291,273.32,0.01495,-33.76231040433049,918.5089955329895,3.6975086,10.578667,66000,-0.1626502,220,7218,0.03639417886734009,-6.5490065e-05,45524
6630000,0.0019601756,264.23,0.015466666,-31.807128150984646,922.6715049743652,3.696958,17.8825,66300,-0.18247958,221,7229,0.02772235870361328,3.3754295e-05,43476
6660000,0.0015958898,233.66,0.0155,-26.291427610367535,926.8280596733093,3.6961315,25.518429,66600,-0.21670508,222,7151,0.026701748371124268,-0.00019964235,44043
6690000,0.015450758,239.83,0.21453333,-28.581652649119498,931.0302858352661,3.6955826,23.929966,66900,-0.21367268,223,7362,0.022573411464691162,0.0042755366,44285
6720000,0.0066317553,128.36,0.09459667,-17.69155514921993,935.1119675636292,3.6958199,74.25438,67200,-0.45709434,224,7280,0.009947717189788818,-0.001322888,42728
6750000,0.006117943,140.2,0.08393,-19.647523543685676,939.241265296936,3.6958194,62.548256,67500,-0.40274775,225,7056,0.013604700565338135,-0.0012507815,43170
6780000,0.003185562,238.92,0.032643337,-32.42917340457439,943.5012631416321,3.6953537,21.931068,67800,-0.22860159,226,7236,0.0179593563079834,-0.0013112172,43393
6810000,0.006540656,257.55,0.07816666,-30.799206465035677,947.6546189785004,3.694643,10.256094,68100,-0.17209102,227,7236,0.04896342754364014,0.0006270445,42406
6840000,0.014499064,227.33,0.17619,-23.930999120175837,951.8067791461945,3.6940923,28.96613,68400,-0.23688729,228,7048,0.05008578300476074,0.004472169,43228
6870000,0.006639921,176.05,0.07225333,-18.203560108616948,956.0702655315399,3.6938758,39.701794,68700,-0.28992012,229,7175,0.06175130605697632,0.0032117143,44308
6900000,0.004468779,166.58,0.047963336,-18.07864631153643,960.2590434551239,3.6938233,38.97052,69000,-0.3107474,230,7241,0.045678794384002686,-0.0012546994,42872
6930000,0.003998476,181.56,0.039633337,-19.420783418416978,964.4103169441223,3.6938553,41.022106,69300,-0.30636168,231,7186,0.04836225509643555,0.00080138724,43896
6960000,0.0057021677,209.28,0.061866663,-23.20634533047676,968.5928022861481,3.693425,24.152918,69600,-0.24048829,232,7286,0.04850292205810547,4.4772063e-05,44600
6990000,0.014768007,231.48,0.16413334,-26.856145601943137,972.7181255817413,3.6928363,17.825367,69900,-0.20825067,233,7108,0.04590249061584473,0.0019559972,39240
7020000,0.014030847,227.27,0.15920332,-24.420878918170928,976.9480178356171,3.6929214,30.917923,70200,-0.23328617,234,6747,0.06857645511627197,0.005347444,29388
7050000,0.008237852,215.26,0.09037666,-26.73323283225298,981.4018704891205,3.6928992,38.289814,70500,-0.28198287,235,7145,0.07045632600784302,0.0033236418,43530
7080000,0.015715715,229.67,0.14293666,-31.176386446729303,985.6079087257385,3.6926854,43.458363,70800,-0.2854958,236,7209,0.08521062135696411,0.0058757924,43289
7110000,0.0066427467,259.98,0.073446676,-36.198862523809076,989.7762825489044,3.6926198,29.707235,71100,-0.23977025,237,7219,0.11235570907592773,0.0019364099,44014
7140000,0.026306247,237.7,0.23088999,-33.78311464414001,993.9390804767609,3.6926105,26.00978,71400,-0.2519837,238,6992,0.1197967529296875,0.008212927,43441
7170000,0.017525444,109.47,0.21688998,-17.753132454156876,998.2367084026337,3.6924584,80.70903,71700,-0.53392327,239,7335,0.07941067218780518,0.005806539,43004
7200000,0.0086641675,177.09,0.07302667,-27.824042408168317,1002.3358545303345,3.6924405,50.026745,72000,-0.37968653,240,7142,0.10814809799194336,0.0023014029,42412
7230000,0.0034213793,177.46,0.03455333,-29.119720663428307,1006.5447790622711,3.6924453,56.47943,72300,-0.38963762,241,6805,0.10030770301818848,0.0010115221,28262
7260000,0.0037348655,214.52,0.034873337,-35.706608080789444,1010.9614956378937,3.6925645,43.648514,72600,-0.32259828,242,7224,0.10298395156860352,0.00047004246,42600
7290000,0.005232045,203.36,0.049763333,-32.41532053358853,1015.1227674484253,3.6925626,56.957794,72900,-0.35436696,243,7127,0.11184835433959961,0.0008929128,41553
7320000,0.008252778,182.58,0.07199,-30.802190047428013,1019.3396151065826,3.692583,68.63945,73200,-0.40087748,244,7259,0.09741342067718506,0.002305305,43377
7350000,0.0060715033,204.93,0.058823336,-34.92785904712975,1023.4800803661346,3.6924262,48.77317,73500,-0.3399855,245,7243,0.09380722045898438,0.0014650912,44008
7380000,0.014184246,174.75,0.13312666,-30.101094206422566,1027.6290531158447,3.6924348,60.12259,73800,-0.39709568,246,7046,0.09119230508804321,0.004008942,44550
7410000,0.0064022704,137.75,0.07666667,-24.113363409265876,1031.8946375846863,3.6924481,68.42218,74100,-0.45989934,247,7535,0.0642317533493042,0.0008682952,44624
7440000,0.008568745,148.38,0.10378666,-25.519520571753382,1035.8845796585083,3.6924038,51.814964,74400,-0.40760964,248,7499,0.05786103010177612,0.0009516195,43539
7470000,0.0064236457,156.75,0.08027333,-27.791302406042814,1039.8948957920074,3.6922996,59.66703,74700,-0.41307533,249,7080,0.040917038917541504,0.00044348728,42995
7500000,0.008283769,205.01,0.093893334,-35.69684292137623,1044.1405646800995,3.6920338,50.79478,75000,-0.34040552,250,7284,0.061753928661346436,0.0010525679,43126
7530000,0.0072722384,211.54,0.08856334,-36.89894954681397,1048.267002105713,3.6915486,43.090603,75300,-0.32034317,251,7224,0.04621070623397827,0.000485679,42617
7560000,0.005646795,201.49,0.067563325,-35.508709217086434,1052.4269804954529,3.6910546,43.41808,75600,-0.33201465,252,7232,0.027182042598724365,8.874393e-05,43800
7590000,0.01042352,216.69,0.10063,-39.02852935642004,1056.5820004940033,3.6908913,49.911007,75900,-0.32446182,253,7318,0.02228313684463501,0.0011720527,45371
7620000,0.0047952263,237.14,0.057403333,-42.05027365654707,1060.6895394325256,3.6911304,40.327522,76200,-0.2906333,254,7258,0.024905025959014893,-0.00010113731,45015
7650000,0.009283079,285.1,0.11726332,-49.41881042785943,1064.8293895721436,3.6911209,8.734905,76500,-0.19672155,255,7258,0.018025636672973633,0.00073905673,43967
7680000,0.03181877,280.16,0.30698004,-42.29413338199258,1068.9686615467072,3.6907258,10.408541,76800,-0.18117757,256,7372,0.036110639572143555,0.0042271717,43850
7710000,0.018670056,217.7,0.17385668,-27.892968826666475,1073.0437228679657,3.6902828,32.592648,77100,-0.26080978,257,7302,-0.018673062324523926,0.004394669,43824
7740000,0.0038112379,181.79,0.044103332,-22.943920849636196,1077.1590738296509,3.6896534,44.08086,77400,-0.32890397,258,7359,0.003500998020172119,-0.0018569177,43787
7770000,0.0056299986,220.09,0.073533334,-25.662410674467683,1081.2440752983093,3.6893287,27.731995,77700,-0.23623838,259,7212,0.04516369104385376,0.0001857902,44373
7800000,0.007494063,210.99,0.10675,-24.042989168018103,1085.4104528427124,3.6891403,29.638988,78000,-0.24871364,260,7222,0.024893641471862793,-0.0007644948,44241
7830000,0.0069568604,219.47,0.08665667,-22.70024277627468,1089.5713968276978,3.688972,38.381443,78300,-0.2404848,261,7138,0.07992440462112427,0.0004772427,41912
7860000,0.0024172708,185.22,0.026569998,-20.009196438863874,1093.7810518741608,3.6886737,53.3267,78600,-0.30962062,262,7368,0.06389594078063965,-0.00085464644,43455
7890000,0.00391788,213.32,0.045823332,-21.159713132157922,1097.8606402873993,3.6885598,43.489925,78900,-0.265544,263,7067,0.08913254737854004,0.00035641,40466
7920000,0.0044471407,216.17,0.046719998,-21.996030720099807,1102.1131808757782,3.688233,30.76009,79200,-0.24483487,264,7200,0.11506444215774536,0.0005412515,44639
7950000,0.0035422514,246.62,0.037183333,-27.76997018713504,1106.2873494625092,3.6880925,30.646189,79500,-0.21302436,265,7376,0.11636960506439209,-0.00025507642,43708
7980000,0.008315708,280.96,0.10089667,-34.58436601340771,1110.3612105846405,3.6876857,10.737627,79800,-0.15733294,266,7370,0.15081393718719482,0.0033992785,42106
8010000,0.0055345884,243.06,0.058,-32.3360967990011,1114.438163280487,3.68683,16.594343,80100,-0.21438101,267,7390,0.11438804864883423,0.0005828353,42103
8040000,0.005392903,270.36,0.06052667,-34.52772979490459,1118.5044927597046,3.6860054,11.9275,80400,-0.17515248,268,7322,0.14165377616882324,8.561534e-05,43892
8070000,0.0028004213,284.72,0.030323332,-38.526915903911,1122.6094844341278,3.685184,5.8119025,80700,-0.15702067,269,7112,0.17675340175628662,0.0007564288,39230
8100000,0.0064762034,291.05,0.06523667,-39.56413526110351,1126.833778142929,3.6848106,6.6049757,81000,-0.15434346,270,6748,0.1444641351699829,5.680367e-05,29308
8130000,0.00880425,280.9,0.08518,-33.252945225313304,1131.2852499485016,3.6847916,12.688215,81300,-0.15534683,271,7396,0.17850899696350098,0.0005190695,44704
8160000,0.020838277,250.15,0.14751002,-27.60319469191134,1135.3476910591125,3.6844506,18.50151,81600,-0.18966943,272,7284,0.19694209098815918,0.0030885346,44326
8190000,0.0028858888,240.54,0.030890003,-26.806599535793065,1139.4726021289825,3.6832728,21.63705,81900,-0.2007562,273,7054,0.19204479455947876,-0.00054985995,44802
8220000,0.00412275,245.08,0.04456667,-27.752161574587227,1143.7315802574158,3.6823723,14.637018,82200,-0.18739411,274,7442,0.25946658849716187,0.00033501763,43924
8250000,0.003366731,262.54,0.03268667,-30.072155083715916,1147.7692377567291,3.682033,16.888271,82500,-0.1766594,275,7079,0.19767320156097412,-0.00039715058,44775
8280000,0.0036488022,277.26,0.036286667,-33.16317339219153,1152.0132791996002,3.6820674,13.542997,82800,-0.16211075,276,7167,0.21320831775665283,-1.1913968e-05,43960
8310000,0.0095208585,281.45,0.09173,-35.61650034077466,1156.2050104141235,3.6817112,15.331293,83100,-0.17166485,277,7395,0.20497244596481323,0.0007705941,38978
8340000,0.0049635586,269.24,0.059196662,-31.738071185722948,1160.2676787376404,3.6799164,15.733755,83400,-0.17265409,278,7302,0.21048295497894287,0.00029734283,44081
8370000,0.0040702857,252.37,0.045666665,-29.177595384567976,1164.3830842971802,3.678189,22.090052,83700,-0.19775017,279,7377,0.2094300389289856,0.00013049113,44159
8400000,0.0034713459,266.59,0.034560002,-33.390942068472505,1168.4560811519623,3.6779351,22.609983,84000,-0.19535883,280,7458,0.22027093172073364,-0.00051275536,44577
8430000,0.0032501533,283.55,0.032573335,-37.0255183839798,1172.4847671985626,3.6777217,20.857695,84300,-0.1756348,281,7212,0.25768351554870605,-0.00015279424,42972
8460000,0.006568606,269.9,0.07946667,-33.20122861221433,1176.651133775711,3.6767735,14.898206,84600,-0.16989386,282,7261,0.2463187575340271,0.00097415224,43567
8490000,0.005948451,274.64,0.07608001,-35.02606133066118,1180.7902138233185,3.674855,13.335274,84900,-0.1705056,283,7367,0.34124499559402466,-5.578008e-05,44502
8520000,0.007224182,281.11,0.08523666,-35.603272153288124,1184.868854522705,3.673467,8.872818,85200,-0.15564412,284,7474,0.3289531469345093,0.000590412,45707
8550000,0.0017066717,280.92,0.012286666,-33.797740440070626,1188.8886544704437,3.6725693,9.871702,85500,-0.1493974,285,7215,0.35957270860671997,-0.00024112556,44735
8580000,0.0027237465,278.07,0.02735,-37.87949936129153,1193.052933216095,3.6719315,11.436438,85800,-0.1738791,286,7308,0.3451535105705261,-0.0006078183,43831
8610000,0.0037297413,282.07,0.04079,-34.83167966246605,1197.164341211319,3.6712146,9.065394,86100,-0.15249659,287,7116,0.31471747159957886,0.00010243349,44605
8640000,0.004414377,286.04,0.050606668,-34.55341043055058,1201.385915517807,3.6699715,3.650415,86400,-0.13693616,288,7426,0.5018872320652008,-0.0004169777,45205
8670000,0.0027415184,288.36,0.024616668,-34.98371315341443,1205.4315683841705,3.6687684,7.073878,86700,-0.14354697,289,7348,0.374750554561615,-0.0010316377,43896
8700000,0.0020747543,292.72,0.012953334,-33.60193175356835,1209.5202052593231,3.6676056,4.484279,87000,-0.12772419,290,7319,0.4046517014503479,-0.00085706665,45671
8730000,0.001773072,292.98,0.011636667,-33.706927278265354,1213.6251602172852,3.6668599,3.8515751,87300,-0.12602499,291,7419,0.4514630436897278,-0.00021579275,45337
8760000,0.005386899,294.9,0.06857333,-35.75893827669322,1217.6751861572266,3.666287,1.5013593,87600,-0.12692115,292,7158,0.6259659230709076,-0.00206337,39396
8790000,0.0014273576,297.19,0.0054166666,-33.31713620863855,1221.8729412555695,3.6659844,5.086353,87900,-0.12250736,293,7336,0.3941449522972107,-0.00027753724,44877
8820000,0.001328063,298.83,0.0057000006,-31.61721138201654,1225.968406200409,3.665839,2.7315872,88200,-0.11055343,294,7281,0.452318012714386,-0.0004866962,45947
8850000,0.0011801866,297.1,0.0019900003,-29.100926433876158,1230.0949201583862,3.665198,2.8806076,88500,-0.10315036,295,7158,0.39503782987594604,-8.4886015e-05,42221
8880000,0.0027531872,296.05,0.02432,-30.024117650836708,1234.29212808609,3.6646087,10.340623,88800,-0.12127217,296,7210,0.21456342935562134,0.0008810429,43780
8910000,0.0012208895,299.39,0.0027566666,-33.3157673926279,1238.4592444896698,3.6633153,2.6667597,89100,-0.11646151,297,7413,0.5191490650177002,-0.0007645631,45170
8940000,0.0028566686,289.82,0.020136667,-29.393531919084488,1242.5123901367188,3.6623573,17.459509,89400,-0.13581963,298,7276,0.2009381651878357,0.00021100449,44543
8970000,0.00079077436,293.4,0.0014233334,-28.996902787908912,1246.6412770748138,3.6617875,7.7079444,89700,-0.11410603,299,7035,0.3033956289291382,0.00037074124,32185
9000000,0.0007265802,293.84,0.0012299999,-29.03121077030897,1250.911495923996,3.6613376,7.5487986,90000,-0.114415854,300,7290,0.32666701078414917,0.00010175751,44804
9030000,0.00049950276,298.82,0.00020333333,-31.81779934346676,1255.0454030036926,3.6605525,2.8745189,90300,-0.11148946,301,7004,0.43524378538131714,-0.00010959946,34624
9060000,0.0005110993,296.52,0.00031333332,-30.346926303170623,1259.3342716693878,3.6598725,7.285981,90600,-0.117970295,302,7543,0.35100358724594116,-0.0005681358,45866
9090000,0.0010234967,287.98,0.0022533333,-28.558246566429734,1263.31756234169,3.6589885,6.7762527,90900,-0.11835975,303,7299,0.3558275103569031,-0.00023189405,44881
9120000,0.002485054,295.92,0.015493333,-29.32153691418469,1267.433661699295,3.6583233,5.15112,91200,-0.10954494,304,7154,0.3792613744735718,-0.00043511967,46816
9150000,0.0013659764,295.34,0.0055966666,-30.05175694860518,1271.6325080394745,3.6579182,9.659686,91500,-0.12218392,305,7206,0.34634947776794434,-0.00032749068,44828
9180000,0.0025028733,292.53,0.016586667,-29.834550347700716,1275.8013832569122,3.6578717,9.822074,91800,-0.12280083,306,7392,0.3266773223876953,-4.7854264e-05,45398
9210000,0.0010401369,299.22,0.003393333,-31.545660882815717,1279.865914106369,3.6571038,2.5983295,92100,-0.11061831,307,7443,0.5279331207275391,-0.00018086689,45782
9240000,0.0018550304,298.58,0.01726,-30.34537807215005,1283.9023306369781,3.6560833,2.828313,92400,-0.10687424,308,7030,0.4844546914100647,-0.0005955116,44096
9270000,0.001375117,293.76,0.009663334,-30.248607660010457,1288.1754422187805,3.6548886,8.296537,92700,-0.1211835,309,7248,0.30844104290008545,-0.00062084466,44813
9300000,0.0010808341,299.66,0.0028699997,-30.77522661216557,1292.3203628063202,3.6532695,2.6232767,93000,-0.10782082,310,7302,0.4909900426864624,-0.0009558522,44632
9330000,0.0024657014,298.06,0.01833,-31.598940531015398,1296.4340643882751,3.650737,0.89800227,93300,-0.109315924,311,7377,0.6645954549312592,-0.0010803748,46071
9360000,0.0048246356,297.46,0.05635333,-32.685118442624805,1300.5064611434937,3.647553,2.6656768,93600,-0.11523015,312,7357,0.5633517205715179,0.00040589023,44770
9390000,0.009260046,291.46,0.10948998,-30.685979434475303,1304.5899381637573,3.6442037,10.205461,93900,-0.1281978,313,7467,0.3545112609863281,7.844452e-05,45211
9420000,0.0024112153,289.46,0.026596665,-30.986535182595254,1308.6135232448578,3.6426196,9.482371,94200,-0.13103743,314,7016,0.32922178506851196,0.00024168551,40685
9450000,0.012474355,296.73,0.17073,-33.0617844697088,1312.895278930664,3.6414688,1.2992617,94500,-0.11745433,315,7326,0.7201200127601624,-0.0023941786,44854
9480000,0.0017233373,294.18,0.0061866664,-30.375834957659244,1316.9964365959167,3.6405659,8.134676,94800,-0.12215981,316,7310,0.32709836959838867,0.00070422544,44368
9510000,0.0015008819,285.14,0.0051,-33.79331786260009,1321.1067276000977,3.6401718,6.9486933,95100,-0.14093868,317,7271,0.3931211829185486,0.00034833205,44799
9540000,0.0035547535,285.95,0.040456664,-32.49613902293146,1325.2390775680542,3.6399016,8.002029,95400,-0.13449006,318,7274,0.38381844758987427,0.0015568732,45352
9570000,0.0018067589,283.69,0.01079,-32.94299449793994,1329.3687932491302,3.6397443,5.183445,95700,-0.13640949,319,7423,0.37527358531951904,0.00022650757,44265
9600000,0.0016937312,288.43,0.008746667,-33.566358743384484,1333.4160134792328,3.639484,7.010966,96000,-0.13634457,320,7349,0.42174720764160156,-0.00013721228,44348
9630000,0.0026548505,285.43,0.025630001,-31.33673169091344,1337.504712820053,3.6388695,6.4905295,96300,-0.1330029,321,6883,0.41034626960754395,0.00044269333,33043
9660000,0.00106538,284.48,0.00269,-32.477540687769654,1341.8690135478973,3.6378684,4.9914994,96600,-0.13422865,322,7551,0.4596656560897827,8.041218e-05,45205
9690000,0.003630149,288.61,0.034783334,-32.97567340217531,1345.8483386039734,3.6371536,3.6896293,96900,-0.12874532,323,7323,0.4878687262535095,0.00013944542,43585
9720000,0.00044453313,275.66,0.00036333333,-30.916458870768547,1349.950513601303,3.6367424,12.196628,97200,-0.15241799,324,7256,0.2685014605522156,-0.00029283614,44451
9750000,0.0016184415,292.62,0.0072899996,-32.82758251897991,1354.091008901596,3.636552,4.9502287,97500,-0.12817757,325,7294,0.49028897285461426,-0.00071453844,46491
9780000,0.003933276,298.62,0.04822,-34.182265996411445,1358.2105855941772,3.636193,2.9352567,97800,-0.11942759,326,7111,0.47825753688812256,-0.0010921406,42649
9810000,0.0014238297,295.35,0.0058366666,-32.42689233466983,1362.4352805614471,3.635924,3.49322,98100,-0.1177686,327,7363,0.4978482127189636,-0.000695342,44570
9840000,0.003024356,283.92,0.032406665,-31.235171585530043,1366.515299320221,3.6357598,4.9945416,98400,-0.13139214,328,6817,0.39809054136276245,0.0009736901,33041
9870000,0.0037111368,293.36,0.032956667,-35.52779198884964,1370.9221806526184,3.63551,8.813219,98700,-0.14213559,329,7324,0.3703753352165222,-0.00029386027,46833
9900000,0.0007630616,297.92,0.00165,-35.378014817982915,1375.0243952274323,3.6352057,2.6723022,99000,-0.12392072,330,7275,0.5928362011909485,-0.0009889824,44563
9930000,0.0010804672,296.56,0.0019166667,-33.54108607903123,1379.156213760376,3.6350093,1.6090279,99300,-0.119152166,331,7391,0.6637550294399261,-0.0005910819,45168
9960000,0.0022614354,292.04,0.016086666,-34.93437302276492,1383.2216398715973,3.6349251,2.274245,99600,-0.1285925,332,7214,0.5632733106613159,-0.00041403715,45298
9990000,0.0021342477,297.14,0.017423335,-35.23002688333392,1387.3860244750977,3.6347225,1.0357939,99900,-0.12178792,333,7419,0.7591288238763809,-7.7132674e-05,45256
10020000,0.00234463,300.0,0.013573334,-35.380621726326645,1391.435425043106,3.634528,0.37747917,100200,-0.11793541,334,7244,0.9137706756591797,-0.0001983295,44863
10050000,0.0019679288,280.81,0.010156667,-33.83174000412226,1395.582614183426,3.6342914,12.812332,100500,-0.15626097,335,7411,0.3564016819000244,0.00013051981,43698
10080000,0.0016372375,298.58,0.0063633337,-36.081994305253026,1399.6367688179016,3.6341243,2.7264702,100800,-0.12600604,336,7202,0.6157006025314331,-8.264514e-05,44451
10110000,0.0012715267,289.76,0.0026399998,-33.19035119235516,1403.808099746704,3.6337764,5.1463337,101100,-0.13226032,337,7316,0.48958903551101685,-0.0007449257,45039
10140000,0.0011609502,293.58,0.00262,-34.915836381539705,1407.9140512943268,3.633545,2.1325412,101400,-0.12777938,338,7188,0.6742111146450043,-6.323178e-05,44014
10170000,0.0014451772,297.47,0.00459,-34.70474557161331,1412.0935056209564,3.633327,3.1352053,101700,-0.12463275,339,7411,0.5689710378646851,-0.0012192419,44704
10200000,0.0024164836,297.62,0.02175,-34.89123808722943,1416.1476056575775,3.6326966,2.6627738,102000,-0.122544974,340,7231,0.6163541376590729,-0.00082718406,45946
10230000,0.0028461323,294.59,0.022513332,-31.747199035063385,1420.3026564121246,3.6318603,3.7238393,102300,-0.11890224,341,7358,0.5946742296218872,-0.0002918766,43556
10260000,0.0013971345,297.26,0.00894,-31.71032331570983,1424.3860974311829,3.6312299,0.91898537,102600,-0.1097417,342,7435,0.789735734462738,-0.00033281272,45063
10290000,0.0072502876,295.47,0.102593325,-32.39320554822683,1428.4265863895416,3.6306424,6.072896,102900,-0.1255361,343,7335,0.46639955043792725,-0.00026676062,44496
10320000,0.0032787789,287.84,0.036523335,-31.123741361498833,1432.5220630168915,3.629886,9.148023,103200,-0.13078402,344,7236,0.4007495045661926,0.0004756914,44410
10350000,0.002298583,297.27,0.013423333,-31.543973618932068,1436.6740503311157,3.6279442,5.731625,103500,-0.11862283,345,7245,0.44269710779190063,0.0003862779,44690
10380000,0.004840246,295.84,0.06392,-32.50703499604017,1440.8211879730225,3.626222,1.4018171,103800,-0.115621574,346,7213,0.7446239292621613,-0.001660243,44989
10410000,0.0020883847,282.85,0.009036666,-30.421731638014318,1444.9862523078918,3.6242127,14.438718,104100,-0.14407766,347,7216,0.3441545367240906,0.00043165838,43800
10440000,0.0007443841,294.6,0.0014099999,-32.053390909843145,1449.1494381427765,3.6226974,6.3317294,104400,-0.12465695,348,7401,0.4426514506340027,0.00027966226,44693
10470000,0.0035825216,282.0,0.039086666,-31.93701430853456,1453.209172487259,3.6217098,7.4077363,104700,-0.14109752,349,7266,0.4271818995475769,-0.0008657855,41257
10500000,0.0012560909,286.02,0.00263,-31.472729372233154,1457.3437223434448,3.6207623,9.595772,105000,-0.13777098,350,7039,0.41608113050460815,-0.00043679803,36871
10530000,0.003509589,296.8,0.036306668,-32.84442840643227,1461.6115114688873,3.6199634,4.880424,105300,-0.12080799,351,7294,0.5190030634403229,0.00031387527,44648
10560000,0.011125943,297.18,0.14746,-32.31192055501044,1465.7300388813019,3.6190338,5.533746,105600,-0.122022346,352,7434,0.4564845561981201,2.6648433e-05,43684
10590000,0.0031662323,285.93,0.03509333,-29.07563199788332,1469.7709736824036,3.6186004,16.562534,105900,-0.13631406,353,7324,0.37617921829223633,-0.00029619754,45171
10620000,0.002894585,293.81,0.034923334,-29.793524841479957,1473.873395204544,3.6178365,9.609998,106200,-0.121749036,354,7266,0.39961081743240356,-0.00013426115,43935
10650000,0.0020597738,293.16,0.019553334,-30.760994942337273,1478.0080652236938,3.6172357,7.7181425,106500,-0.12328597,355,7204,0.463428258895874,0.00013804341,44322
10680000,0.0017564606,292.59,0.007546666,-32.68647198267281,1482.17813038826,3.6165566,9.173497,106800,-0.13589561,356,7381,0.4344930052757263,-0.00040749524,43726
10710000,0.0020093932,293.76,0.008736665,-32.57685352988541,1486.249058008194,3.6157715,6.0904536,107100,-0.12708282,357,7500,0.48823732137680054,-0.000587414,44906
10740000,0.0038013768,297.69,0.046616666,-34.45178682155907,1490.255580663681,3.6149755,4.887465,107400,-0.12594056,358,7330,0.5478847324848175,-0.0004970593,44089
10770000,0.001149944,293.45,0.0037366666,-33.70701692432165,1494.3541958332062,3.6145387,2.0232093,107700,-0.123710506,359,7348,0.7527626305818558,-0.0010387863,44927
10800000,0.002728617,298.62,0.027616668,-31.90335724495351,1498.4433963298798,3.6142006,2.5731082,108000,-0.111793876,360,7325,0.6476587355136871,-0.0007942153,43256
10830000,0.0014425607,297.07,0.011299999,-30.512893950492142,1502.5448806285858,3.6134248,3.470739,108300,-0.1108729,361,7217,0.5994050800800323,0.00028817932,45112
10860000,0.007037986,297.31,0.10045667,-31.207986572384833,1506.7075238227844,3.6121342,0.95075893,108600,-0.10815395,362,7424,0.8287687599658966,-0.0015327577,43738
10890000,0.0039204992,289.18,0.03804334,-29.305338363200427,1510.7544264793396,3.6099567,6.5427794,108900,-0.11962788,363,7396,0.4862213134765625,-0.00031742197,44207
10920000,0.003067065,294.39,0.025363335,-28.46512215897441,1514.8162081241608,3.6087036,5.62729,109200,-0.10928569,364,7481,0.5174160897731781,-0.0004435028,45338
10950000,0.003981001,299.25,0.045099996,-29.188481164202095,1518.832038640976,3.6075356,2.8888004,109500,-0.10237739,365,7319,0.5934055745601654,-0.0005656021,42844
10980000,0.003963402,291.92,0.04741333,-28.63097283102572,1522.9369163513184,3.6064453,12.419222,109800,-0.12330077,366,7234,0.3225898742675781,-0.00029824377,45347
11010000,0.0031063093,298.99,0.032803334,-30.728448777124285,1527.0898296833038,3.605135,0.979764,110100,-0.105294816,367,7196,0.7573547512292862,-0.0010352297,43970
11040000,0.0028521586,297.6,0.02746,-29.787033845633268,1531.2641932964325,3.602508,2.81348,110400,-0.10493215,368,7149,0.6203247904777527,-0.0004133734,44330
11070000,0.004634262,298.03,0.05449667,-26.919184089452028,1535.466017484665,3.6004791,2.913393,110700,-0.09582049,369,7235,0.6075654625892639,-0.00021836344,43607
11100000,0.00448698,294.96,0.058066666,-27.25400930941105,1539.6182794570923,3.5984836,4.6445417,111000,-0.105522856,370,7458,0.5108611285686493,-0.00059344235,45497
11130000,0.00090684835,293.14,0.0022066666,-28.195306311249734,1543.6467831134796,3.5969062,10.377732,111300,-0.117654905,371,7503,0.3915736675262451,-0.00024677458,43858
11160000,0.002590372,295.63,0.02261,-27.34177676744759,1547.6520500183105,3.595818,5.0185943,111600,-0.10246989,372,7128,0.48992598056793213,-0.0005737843,39418
11190000,0.00205502,290.37,0.011143332,-27.939429544210434,1551.8666062355042,3.5948625,9.780809,111900,-0.11699451,373,7329,0.38576656579971313,-0.0005744108,43795
11220000,0.0028252804,299.31,0.025073335,-30.2363276655972,1555.9656820297241,3.5942993,2.6754863,112200,-0.105796665,374,7355,0.5554731786251068,-0.0008840623,43361
11250000,0.0016230723,293.36,0.0074333334,-24.96816229656339,1560.0502030849457,3.593357,7.1478233,112500,-0.10046145,375,7340,0.426114559173584,-0.00047230805,44007
11280000,0.0031415336,295.7,0.026193332,-27.00617618083954,1564.1433594226837,3.5919785,10.347315,112800,-0.11436984,376,7250,0.3416987657546997,0.0004037228,44044
11310000,0.0014623249,298.81,0.0060933335,-26.157520516589283,1568.286714553833,3.590615,5.3922167,113100,-0.097563915,377,7412,0.40811485052108765,-0.0006172649,45599
11340000,0.0011428653,295.96,0.0027533334,-25.579715972840788,1572.3406224250793,3.5894723,5.2669454,113400,-0.09651592,378,7340,0.41125744581222534,-0.0010512284,46289
11370000,0.002402573,300.0,0.013306667,-23.949690140560268,1576.433113336563,3.5888665,0.4354834,113700,-0.0798323,379,7395,0.8376578092575073,-0.0012694466,43871
11400000,0.0041244007,300.0,0.050266672,-25.65192487858236,1580.496331691742,3.5858486,0.32407457,114000,-0.08550641,380,7388,0.8395249992609024,-0.00076748885,45204
11430000,0.005141415,297.76,0.06046,-25.864916095510125,1584.562489748001,3.5776641,2.8495336,114300,-0.0921937,381,7149,0.5410313010215759,-0.0029100582,45828
11460000,0.004467531,297.01,0.04648667,-23.029062908142805,1588.7653205394745,3.5721867,2.6635478,114600,-0.08296484,382,7330,0.5925546586513519,-0.0008160047,44472
11490000,0.0037211757,295.46,0.037359998,-20.69708391226828,1592.8635971546173,3.5677505,4.9482603,114900,-0.080228224,383,7148,0.49602800607681274,0.00078704755,43149
11520000,0.0040210662,300.0,0.039076667,-22.249926375821232,1597.066118478775,3.5646577,0.3523128,115200,-0.074166425,384,7414,0.8796683549880981,-0.0026441498,44482
11550000,0.007878145,299.49,0.109396674,-25.355184136405587,1601.1188130378723,3.5606747,2.655026,115500,-0.08983847,385,7309,0.5035347044467926,-0.0029502516,44031
11580000,0.0041253427,296.03,0.041016668,-20.801043340042234,1605.228853225708,3.5577178,5.254797,115800,-0.08057549,386,7557,0.4148261547088623,0.00023931565,44448
11610000,0.00253845,300.0,0.017103333,-19.682566347047686,1609.2044079303741,3.554889,0.39992318,116100,-0.06560855,387,7419,0.7948682606220245,0.00013512408,45164
11640000,0.0016157391,296.48,0.010670001,-19.970576544329525,1613.2540128231049,3.5519776,5.2715507,116400,-0.07747107,388,7507,0.38071614503860474,-0.00089045765,44930
11670000,0.0026918077,300.0,0.022023331,-19.239744348153472,1617.2558023929596,3.54882,0.37546438,116700,-0.06413248,389,7161,0.8170963078737259,-0.0019312846,41343
11700000,0.0050463364,300.0,0.06064,-17.950182880312205,1621.4508457183838,3.5412533,0.30447048,117000,-0.05983394,390,7322,0.8430670499801636,-0.0022540954,45757
11730000,0.0066985814,300.0,0.087623335,-13.306770454496146,1625.5538878440857,3.532381,0.44106674,117300,-0.0443559,391,7335,0.8530873358249664,-0.0009398257,45851
11760000,0.0040150927,300.0,0.051450003,-14.766551977023482,1629.6495299339294,3.5265746,0.4657914,117600,-0.049221843,392,7325,0.8397066444158554,-0.0012961834,43791
11790000,0.006585466,300.0,0.08876,-12.726540626958013,1633.7511196136475,3.5224748,0.5068005,117900,-0.042421803,393,7122,0.8018722981214523,0.0024103024,35178
11820000,0.06262816,297.3,0.43009996,-12.387641431465745,1637.9686284065247,3.517709,2.9609532,118200,-0.04659535,394,7342,0.5122015178203583,0.016128764,42844
11850000,0.027611356,296.39,0.31141335,-12.786344790384174,1642.0602297782898,3.5140643,5.4973,118500,-0.053172622,395,7250,0.4195635914802551,0.0056722695,45160
11880000,0.007912137,300.0,0.09921666,-15.663328880444169,1646.203938961029,3.510692,0.465851,118800,-0.052211095,396,7105,0.8496377766132355,-0.001982111,44648
11910000,0.009424562,297.04,0.13566,-11.696242252737283,1650.4322276115417,3.504448,3.0803614,119100,-0.045095313,397,7323,0.44457244873046875,0.0014418771,44298
11940000,0.02363806,300.0,0.23259664,-15.816470619142056,1654.5348768234253,3.4997497,0.32759887,119400,-0.052721567,398,7234,0.8474140614271164,0.0031856778,44859
11970000,0.01100399,300.0,0.16236,-13.832955375537276,1658.6877040863037,3.494733,0.40420955,119700,-0.046109848,399,7185,0.8047642409801483,-0.0052302387,43020
12000000,0.004858142,300.0,0.057159998,-12.807839591801166,1662.8689291477203,3.4894173,0.37062758,120000,-0.0426928,400,7447,0.8347927331924438,-0.00075571256,42777
12030000,0.0047792806,300.0,0.05525,-11.604167554676533,1666.9155676364899,3.4814403,0.34550548,120300,-0.038680557,401,6906,0.8243662416934967,-0.00091671123,31588
12060000,0.00793466,299.52,0.108799994,-10.607220002412795,1671.2657253742218,3.4744105,3.0730567,120600,-0.040354546,402,7477,0.48059284687042236,0.0025733495,45226
12090000,0.0057325303,300.0,0.07115,-9.871306807845832,1675.2839090824127,3.4683437,0.33316076,120900,-0.032904353,403,7297,0.8561478853225708,-0.0012901049,45655
12120000,0.0078068017,300.0,0.10616334,-11.422972877398132,1679.4007937908173,3.4586906,0.48377997,121200,-0.03807658,404,7283,0.8120581209659576,-0.003975139,46217
12150000,0.0038730793,300.0,0.04202667,-8.501312893852592,1683.5258090496063,3.4516094,0.35836503,121500,-0.02833771,405,7290,0.8481196612119675,-0.002862415,42249
12180000,0.0027574925,294.66,0.025476668,-6.728989069759845,1687.66010928154,3.4459782,5.862424,121800,-0.033508804,406,7299,0.3402390480041504,0.00038400144,45165
12210000,0.0013706629,299.57,0.0066766664,-6.536016357764602,1691.789338350296,3.4425006,3.1630383,122100,-0.02679989,407,7447,0.40470176935195923,-4.315828e-05,44899
12240000,0.0042724814,297.76,0.051083338,-9.293375257775187,1695.8373851776123,3.439674,2.630715,122400,-0.036655817,408,7479,0.5710391998291016,0.00019705151,45555
12270000,0.0034505143,299.74,0.035483334,-5.782897129058838,1699.8541767597198,3.4357758,3.0415857,122700,-0.024307337,409,7447,0.3718823194503784,-0.00094067224,45472
12300000,0.0079349745,300.0,0.11307333,-6.579407117739319,1703.9010944366455,3.42932,0.36109346,123000,-0.021931356,410,7412,0.8394682705402374,-0.0008139812,44047
12330000,0.006660881,300.0,0.08242666,-5.482691309526563,1707.9545505046844,3.420257,0.3421966,123300,-0.018275637,411,7321,0.8305097669363022,-0.0007012122,45449
12360000,0.005217136,300.0,0.051563334,-3.908997201770544,1712.0704317092896,3.4115958,0.40348592,123600,-0.013029991,412,7387,0.8645825982093811,-0.0012896293,45914
12390000,0.0033507682,300.0,0.03325,-2.3289813639223578,1716.1498584747314,3.400927,0.38085148,123900,-0.007763271,413,7384,0.840598538517952,-0.0017220287,45580
12420000,0.012466439,300.0,0.15645,-1.2837408009171485,1720.23122048378,3.3885207,0.42285466,124200,-0.004279136,414,7211,0.840872049331665,0.0061635613,44700
12450000,0.011076524,300.0,0.14528334,-1.9723024076223374,1724.4099011421204,3.3794765,0.47696638,124500,-0.0065743416,415,7531,0.8564445823431015,-0.00081034563,46408
12480000,0.0036276472,300.0,0.036613334,-0.09498071610927582,1728.399432182312,3.3722782,0.43520632,124800,-0.00031660224,416,7162,0.7945542484521866,-0.00016191843,42634
12510000,0.0032279391,297.19,0.03017,-0.5338342100381851,1732.60648727417,3.3667977,3.0010543,125100,-0.007313409,417,7313,0.49472689628601074,0.0012371086,45032
12540000,0.0071240766,299.54,0.09815,1.5578858806192875,1736.7143836021423,3.3624852,3.3324313,125400,0.00011035462,418,7490,0.33253806829452515,-0.00077016896,43981
12570000,0.006483659,298.86,0.08265666,-0.6888778369128704,1740.7378873825073,3.3594525,2.959149,125700,-0.0072903885,419,7346,0.4917502999305725,0.0020230294,43592
12600000,0.010720944,300.0,0.13761666,-3.9123501632362605,1744.8274869918823,3.356645,0.39189175,126000,-0.0130411675,420,7427,0.8131880760192871,-0.001992912,43229
12630000,0.008273003,299.63,0.10002667,-7.977526200264692,1748.8724851608276,3.3532836,3.2145538,126300,-0.03160499,421,7274,0.4142279624938965,-0.0016144424,42158
12660000,0.0051940237,300.0,0.06745,-2.2490694925189016,1753.0023820400238,3.3494382,0.36326814,126600,-0.007496898,422,7018,0.8322828114032745,-0.002584814,40863
12690000,0.006784321,300.0,0.086289994,-1.855680122077465,1757.2831485271454,3.3451858,0.30889735,126900,-0.0061856,423,7014,0.8456762582063675,-0.0019639488,35693
12720000,0.003304861,299.67,0.033689998,0.268411031588912,1761.5658152103424,3.3388505,3.009004,127200,-0.0041597355,424,7352,0.4196898341178894,0.00035399737,44999
12750000,0.00855954,300.0,0.11129,-1.8192423990368842,1765.6519603729248,3.333772,0.3330555,127500,-0.0060641416,425,7465,0.8529502898454666,-0.000645846,45356
12780000,0.012207205,299.59,0.14606667,-0.716618705317378,1769.6757781505585,3.3265367,3.4740684,127800,-0.007299479,426,7411,0.3591204285621643,0.00093112653,43767
12810000,0.0069568893,300.0,0.09644333,0.1754247734695673,1773.7300038337708,3.3208003,0.37156442,128100,0.0005847492,427,7528,0.8119760751724243,0.00066428573,43467
12840000,0.010121539,297.81,0.13007,-1.604998476356268,1777.7212300300598,3.3131642,5.942068,128400,-0.015383475,428,7228,0.3322097659111023,0.000104166844,44685
12870000,0.011287738,300.0,0.14032666,0.28121565230190754,1781.877268075943,3.307251,0.3648002,128700,0.00093738566,429,7421,0.8324187099933624,0.0003939095,44793
12900000,0.006265902,298.15,0.076843336,-2.4907346896827223,1785.925651550293,3.2985122,11.580484,129000,-0.028151292,430,7514,0.24804776906967163,-0.00065583177,45617
12930000,0.008716822,300.0,0.11337,1.1754116662591696,1789.9249651432037,3.2926364,0.45246083,129300,0.0039180387,431,7218,0.8277042210102081,0.00046302256,44834
12960000,0.0041710204,298.5,0.043173335,3.4171262672543525,1794.0868411064148,3.2874882,5.927333,129600,0.0017362882,432,7410,0.3033047318458557,-0.00038984892,45935
12990000,0.005241875,300.0,0.06515667,2.8045826725661755,1798.154055595398,3.2831674,0.492177,129900,0.0093486095,433,7296,0.8406717926263809,-0.00019934545,46149
13020000,0.009508444,300.0,0.12658334,4.159962497279048,1802.2712996006012,3.278294,0.48490724,130200,0.013866543,434,7301,0.7903964817523956,0.0013205355,45564
13050000,0.012057568,300.0,0.15213665,0.8408936585485935,1806.3991918563843,3.273621,0.35106856,130500,0.002802979,435,7354,0.8573547899723053,-0.0026537254,45631
13080000,0.01882537,299.16,0.21106999,3.8492461186647415,1810.484448671341,3.2662132,3.1564765,130800,0.007871264,436,7396,0.4444940686225891,0.003302677,45541
13110000,0.0070010005,300.0,0.090323344,1.632706167474389,1814.547038078308,3.2603555,0.36918375,131100,0.005442354,437,7327,0.8475258946418762,0.0010144827,45083
13140000,0.0032190843,300.0,0.02662667,4.724725535586476,1818.6470355987549,3.2527118,0.41682643,131400,0.015749086,438,7186,0.8332663774490356,-0.0012261365,43466
13170000,0.0038906396,299.48,0.048256665,5.262823411598801,1822.8428356647491,3.2454154,2.9833236,131700,0.012609323,439,7439,0.48816192150115967,-7.540325e-06,43438
13200000,0.0045912224,300.0,0.046103336,5.117346055880189,1826.8937501907349,3.2402923,0.4192617,132000,0.017057821,440,7528,0.821286752820015,0.0001612748,45847
13230000,0.010293231,300.0,0.13668667,6.570342650711536,1830.8845896720886,3.2329228,0.4311841,132300,0.021901142,441,7427,0.8326620906591415,0.0029106052,45174
13260000,0.023562217,297.82,0.23379001,3.8952640468627213,1834.9431920051575,3.225457,3.21613,132600,0.0075884424,442,7385,0.5275660753250122,0.0014905625,45972
13290000,0.008428333,300.0,0.119913325,2.8918429924547673,1839.011337518692,3.2198358,0.3556282,132900,0.009639476,443,7333,0.8762146010994911,-0.0051973164,44649
13320000,0.018003087,299.23,0.22390667,6.144898872300982,1843.107589006424,3.2097802,3.272108,133200,0.015519715,444,7373,0.38038188219070435,0.0031981617,41827
13350000,0.015375015,299.01,0.17169333,2.82913603246212,1847.1820600032806,3.202348,3.3072262,133500,0.004403002,445,6944,0.46932029724121094,0.0019468169,35767
13380000,0.0031047761,300.0,0.024079999,5.601948785558343,1851.5081732273102,3.19741,0.40084052,133800,0.018673163,446,7284,0.8695546537637711,0.00051745196,44624
13410000,0.0045782533,299.47,0.054356664,7.13632549457252,1855.632245540619,3.1913915,3.3491764,134100,0.018843215,447,7253,0.4774898886680603,-0.0010799363,45491
13440000,0.004925714,300.0,0.059299998,6.973638890385628,1859.7865192890167,3.1863456,0.404148,134400,0.023245461,448,7456,0.8974001035094261,-0.00088601373,46024
13470000,0.0021387525,298.32,0.02163,7.773370475247503,1863.8160645961761,3.182473,6.1184945,134700,0.016182575,449,7201,0.37316304445266724,-0.00042304973,44031
13500000,0.0045688776,300.0,0.0577,6.970718629062175,1868.0008070468903,3.1791985,0.4325161,135000,0.023235727,450,7396,0.8679263740777969,0.0005083874,45386
13530000,0.0060126046,299.48,0.06865333,6.678369226008654,1872.0622420310974,3.1719687,3.3054802,135300,0.01739887,451,7420,0.486983060836792,-0.0009992409,44991
13560000,0.0020058502,299.34,0.011886667,8.031586297750472,1876.1109693050385,3.1662865,3.2492383,135600,0.021914393,452,7715,0.4627833962440491,-0.000566698,45928
13590000,0.0022595597,300.0,0.016843334,9.33039562508464,1880.0180144309998,3.1621006,0.46937346,135900,0.031101318,453,7425,0.8746088594198227,-0.0013646152,44174
13620000,0.002726404,299.52,0.024326667,9.58535415686667,1884.0769164562225,3.1549342,3.358703,136200,0.026977612,454,7425,0.45230281352996826,-0.0007716698,44678
13650000,0.0048407926,300.0,0.055306666,9.944627624601125,1888.1358461380005,3.1480613,0.38857266,136500,0.033148758,455,7313,0.8707284182310104,0.00049174245,44565
13680000,0.005682839,296.18,0.072176665,8.878814877569676,1892.2582383155823,3.1407743,9.028557,136800,0.014950884,456,7389,0.315234899520874,0.0003002311,45384
13710000,0.004820378,300.0,0.057463337,9.157865472361445,1896.3236196041107,3.135071,0.45119232,137100,0.03052622,457,7418,0.871613398194313,-0.0003296292,43939
13740000,0.00864779,300.0,0.11455333,10.53300816655159,1900.3737270832062,3.1264203,0.35605612,137400,0.035110027,458,7385,0.8691800087690353,0.001665522,44862
13770000,0.0036855873,300.0,0.03512333,11.952152612954379,1904.4548544883728,3.115796,0.4285167,137700,0.03984051,459,7374,0.8519706279039383,-0.0005929554,44295
13800000,0.0071699074,299.02,0.09436333,13.177738158032298,1908.5421142578125,3.108483,6.388993,138000,0.03390061,460,7191,0.3249490261077881,0.00063362415,42280
13830000,0.008752825,300.0,0.11360667,12.722096351534129,1912.7329444885254,3.1039863,0.42599773,138300,0.042406987,461,7370,0.8463891893625259,0.0015085298,46051
13860000,0.009595936,300.0,0.13043667,11.798714694902301,1916.8089196681976,3.0981472,0.4818461,138600,0.03932905,462,7121,0.8508126586675644,0.004898623,42386
13890000,0.027281638,299.11,0.25683668,10.319889513552189,1921.027125120163,3.09333,3.3900928,138900,0.029338464,463,7285,0.44838887453079224,0.0048274035,43554
13920000,0.008346348,300.0,0.10932334,9.815301057174802,1925.1511764526367,3.0886858,0.44072992,139200,0.03271767,464,7182,0.8336226493120193,-0.0007032443,43764
13950000,0.0063799582,298.26,0.07616,11.05754172027111,1929.3343257904053,3.0822618,3.2267525,139500,0.031761434,465,7403,0.5432334542274475,-0.00015989711,44644
13980000,0.0022767596,300.0,0.017479999,12.948589488565922,1933.392205953598,3.0766737,0.41156483,139800,0.043161962,466,7297,0.8267651945352554,-0.00122425,39820
14010000,0.0032929007,300.0,0.032909997,13.902143252193929,1937.5089366436005,3.0678585,0.40208998,140100,0.046340477,467,6678,0.8453255593776703,-0.0012048373,28448
14040000,0.008113004,299.51,0.09873333,11.93429318524897,1942.020024061203,3.0590813,3.5619793,140400,0.034913056,468,7477,0.3596617579460144,-0.0017403135,46141
14070000,0.006003237,300.0,0.07580666,15.225082030296326,1946.0381400585175,3.0510707,0.42860073,140700,0.050750274,469,7268,0.8233257532119751,-0.0011572938,44569
14100000,0.00606244,300.0,0.07449333,12.598380707800388,1950.1845865249634,3.040667,0.39909297,141000,0.0419946,470,7253,0.845605343580246,-0.0026469666,45153
14130000,0.004774513,300.0,0.054836668,15.412715611308814,1954.3261988162994,3.029262,0.46033296,141300,0.051375724,471,7248,0.8690069913864136,-0.0007011002,45794
14160000,0.007850414,300.0,0.10368667,14.268681250736117,1958.4869771003723,3.01858,0.3794851,141600,0.04756227,472,7322,0.8642293363809586,0.00084088335,45884
14190000,0.0046753054,299.67,0.052646674,16.514807238429785,1962.5896241664886,3.0082853,3.4081798,141900,0.05003099,473,7035,0.4785705804824829,-0.00088775635,44182
14220000,0.0032354747,300.0,0.036116667,16.80472832798958,1966.872502565384,3.0018,0.41911936,142200,0.056015756,474,7450,0.843335822224617,-0.0017589491,42674
14250000,0.015844624,299.67,0.1753,17.341377171278,1970.9176461696625,2.9949555,3.7610726,142500,0.052831654,475,7260,0.32214903831481934,0.001117043,45035
14280000,0.011883778,300.0,0.15528,16.25247526846826,1975.0687263011932,2.9881911,0.37061304,142800,0.05417492,476,7295,0.8439430147409439,0.0029983975,45147
14310000,0.013948137,297.04,0.17969668,18.14959076575935,1979.1866390705109,2.9803362,3.4503524,143100,0.05526692,477,7327,0.4491507411003113,0.0017293027,44839
14340000,0.008451162,298.22,0.110020004,19.30391425907612,1983.299392938614,2.9760652,3.5346532,143400,0.059355877,478,7220,0.5271002948284149,0.00045897003,45362
14370000,0.021224555,299.78,0.22918665,15.835904283821582,1987.472146987915,2.9729397,3.5507145,143700,0.047791418,479,7183,0.3581594228744507,0.0023724749,45180
14400000,0.033547677,300.0,0.30761334,15.894601895287632,1991.654218673706,2.9692218,0.44396478,144000,0.052982006,480,7376,0.8552244305610657,0.017257174,44536
14430000,0.014360515,300.0,0.18550667,14.856742827221751,1995.7275307178497,2.964407,0.45063466,144300,0.049522478,481,7423,0.8336634486913681,0.0008612347,45085
14460000,0.01872411,299.69,0.20901,17.28728339545429,1999.7748382091522,2.9594514,3.659504,144600,0.052677203,482,7333,0.3756108283996582,0.0017297771,46190
14490000,0.005316959,300.0,0.06279,18.581292178332806,2003.8717789649963,2.9554396,0.4579362,144900,0.061937638,483,7267,0.8505091071128845,-0.0035802003,44841
14520000,0.0062448955,299.7,0.06678667,19.245380193814636,2008.0058507919312,2.9477212,3.3659077,145200,0.059200015,484,7324,0.42162877321243286,-0.00029459404,44399
14550000,0.004593392,300.0,0.0516,18.25428978048265,2012.1076304912567,2.942085,0.462344,145500,0.060847633,485,7492,0.8688753545284271,-0.00020158691,44588
14580000,0.0039977394,299.72,0.042273335,21.900397761762143,2016.1175165176392,2.9365478,3.503695,145800,0.068025656,486,7365,0.4155752658843994,-0.000112730035,45827
14610000,0.0056593195,299.67,0.066149995,19.858475508615374,2020.209389448166,2.9328427,3.6730266,146100,0.061231274,487,7526,0.4932553768157959,0.00024262804,44418
14640000,0.01889209,300.0,0.2392033,17.859534555524586,2024.2017743587494,2.9294598,0.4967696,146400,0.05953178,488,7566,0.8700231611728668,0.01119411,46122
14670000,0.017924445,299.23,0.20758668,18.886822110414506,2028.173570394516,2.9245038,6.6811624,146700,0.053036086,489,7029,0.36197972297668457,0.0030097864,40732
14700000,0.0080033,300.0,0.10840334,16.370908767580985,2032.4472787380219,2.9190958,0.42305025,147000,0.054569695,490,7351,0.8374790549278259,-0.0033470101,44649
14730000,0.00816401,300.0,0.10687333,19.13951836489141,2036.5339722633362,2.9098969,0.43466273,147300,0.06379839,491,7362,0.8344356268644333,-0.00036659883,42840
14760000,0.010990135,297.28,0.15136334,20.119651968851684,2040.6146886348724,2.9021993,6.6369576,147600,0.057058416,492,7310,0.43063414096832275,0.0017626177,44207
14790000,0.0070072995,298.29,0.091419995,19.275783187523484,2044.724092245102,2.8981698,6.779734,147900,0.054660402,493,7441,0.36267775297164917,0.00022803273,44249
14820000,0.0030778565,298.75,0.02976,19.939632008224727,2048.76189661026,2.8960636,6.8249907,148200,0.056487054,494,7137,0.4781941771507263,-0.00034546194,44518
14850000,0.011384399,297.16,0.15283333,21.05478458404541,2052.9714052677155,2.8941252,3.9374173,148500,0.065442026,495,7427,0.4834326505661011,0.002326939,46396
14880000,0.0057375855,297.8,0.07486333,17.90536810770631,2057.016380548477,2.8921597,9.918706,148800,0.044970557,496,7312,0.33431297540664673,-0.00031368964,36936
14910000,0.008552057,300.0,0.11696333,17.502588379606603,2061.1250286102295,2.8894448,0.44195136,149100,0.058341965,497,7371,0.8510801792144775,-0.0022707833,44875
14940000,0.009699941,299.14,0.13172999,20.38986974582076,2065.2008640766144,2.8840206,6.7331057,149400,0.058120508,498,7424,0.41467589139938354,0.000834449,43878
14970000,0.0015309737,300.0,0.0056133335,22.331596842482686,2069.2475216388702,2.88037,0.49939966,149700,0.074438654,499,7235,0.855078712105751,-0.0007446185,45006
15000000,0.0025480734,300.0,0.019886669,22.92846305422485,2073.4129087924957,2.8747609,0.5964181,150000,0.076428205,500,7190,0.8724964112043381,-0.0005383526,44587
15030000,0.0020524361,300.0,0.014606667,22.52993180848658,2077.6154341697693,2.868114,0.6498745,150300,0.07509977,501,6895,0.8812016919255257,5.048595e-06,34984
15060000,0.0077913143,299.5,0.09376667,21.250285487547515,2081.9717135429382,2.8629816,3.6331317,150600,0.06601665,502,7402,0.5516168773174286,-0.0012563544,43532
15090000,0.012399192,300.0,0.16053,22.655987214818598,2086.0305404663086,2.8589888,0.5932437,150900,0.07551996,503,7458,0.9026674181222916,0.004229808,44259
15120000,0.0323204,299.43,0.33348334,23.728062888979913,2090.058695793152,2.8539271,3.624556,151200,0.074243926,504,7285,0.5773392617702484,0.008861005,45010
15150000,0.009650914,300.0,0.12914333,19.8978807464242,2094.1963975429535,2.849868,0.52293086,151500,0.06632627,505,7257,0.9010888561606407,0.0019894615,46429
15180000,0.015762458,300.0,0.17447667,23.288655489981174,2098.3359382152557,2.8447015,0.5616303,151800,0.07762885,506,7376,0.8844509795308113,0.007598184,44158
15210000,0.0049681244,300.0,0.05488667,22.365244426950813,2102.4088275432587,2.839133,0.5648565,152100,0.074550815,507,7338,0.8775758445262909,-0.0017324211,43649
15240000,0.0035568185,299.48,0.034936666,23.52588617168367,2106.5029168128967,2.8312335,3.7293153,152400,0.07360814,508,7459,0.5868106186389923,-0.00032206913,45789
15270000,0.009998402,299.53,0.13408667,21.73266542337835,2110.5303506851196,2.8262746,3.7133193,152700,0.06759769,509,7424,0.5595631897449493,-0.00048690577,45614
15300000,0.0067686043,299.73,0.09042999,21.21379408791661,2114.5767991542816,2.8233392,3.5091522,153000,0.06572309,510,7531,0.6239743828773499,1.8928265e-05,44558
15330000,0.0070954086,298.97,0.093263336,22.45940452747047,2118.567206144333,2.8214803,3.7484741,153300,0.069787495,511,7364,0.5918199419975281,-9.501948e-05,45704
15360000,0.004858654,299.16,0.052789997,21.481132782027125,2122.647207260132,2.819592,6.408581,153600,0.06175218,512,7177,0.49005651473999023,0.0007720691,44123
15390000,0.013173525,299.72,0.17366666,21.856707309409977,2126.8333084583282,2.817365,3.453771,153900,0.06787497,513,7415,0.5861269533634186,0.0026337004,45337
15420000,0.009415465,300.0,0.10627333,22.063941154628992,2130.8850791454315,2.8148856,0.6106667,154200,0.07354647,514,7388,0.8701919615268707,0.004451011,43798
15450000,0.027352933,297.76,0.30580667,20.650797133296727,2134.951408624649,2.8115554,10.219342,154500,0.054074027,515,7249,0.33194518089294434,0.0023590832,43880
15480000,0.0049912147,298.2,0.053496666,20.685260651633143,2139.095474720001,2.8097432,3.8647752,154800,0.06415685,516,7415,0.5604141056537628,-0.00089135795,43257
15510000,0.0035487376,298.84,0.032533333,22.56944242298603,2143.1477415561676,2.8085809,3.5401082,155100,0.06993418,517,7294,0.6509582996368408,-0.001102058,43491
15540000,0.0026000575,299.47,0.019833332,23.90003997243941,2147.2665646076202,2.8071146,6.487845,155400,0.069607034,518,6726,0.45279186964035034,-0.0012853463,29128
15570000,0.003158572,300.0,0.025809998,22.655592530965805,2151.7446687221527,2.8050048,0.6961523,155700,0.07551864,519,7291,0.8966528698801994,-0.00016773223,45842
15600000,0.0046246974,300.0,0.05090333,24.60310842290521,2155.8651905059814,2.800959,0.58241665,156000,0.08201036,520,7375,0.9029273316264153,-0.00084097154,44610
15630000,0.00541403,300.0,0.07184667,24.332817319780588,2159.9517204761505,2.7958682,0.59161127,156300,0.08110939,521,7345,0.8671871274709702,0.00083002297,45618
15660000,0.010924548,300.0,0.14255334,23.30536656409502,2164.041647911072,2.7903988,0.5815272,156600,0.07768455,522,7439,0.8865925446152687,0.0055297995,44674
15690000,0.053096615,299.58,0.41974664,24.127481514662506,2168.0803492069244,2.7848744,3.6598136,156900,0.07545941,523,7149,0.5798551440238953,0.015219803,44282
15720000,0.017002366,300.0,0.20784667,17.457138596847653,2172.282389640808,2.780836,0.57394797,157200,0.05819046,524,7280,0.8684634268283844,-0.0009936228,43103
15750000,0.03490864,300.0,0.3135233,21.9033067984879,2176.4083313941956,2.7770202,0.5244076,157500,0.07301102,525,7495,0.8853353410959244,0.018698836,44537
15780000,0.025257315,298.53,0.27341,23.783576092869044,2180.4172410964966,2.7739491,6.9506593,157800,0.06920003,526,7490,0.45632296800613403,0.011049162,44970
15810000,0.0068126665,299.7,0.08476333,21.073689185082912,2184.428844690323,2.7714477,3.5004222,158100,0.065255925,527,7137,0.6167541146278381,-0.0014849089,44134
15840000,0.010308519,300.0,0.13728,23.64961945101619,2188.6374685764313,2.7689197,0.679149,158400,0.07883206,528,7098,0.8812579065561295,0.004557913,44604
15870000,0.028972888,300.0,0.25746664,22.49582821801305,2192.870276451111,2.7652097,0.6392832,158700,0.07498609,529,7278,0.860340029001236,0.016412852,44707
15900000,0.016801221,300.0,0.22113666,24.929553347751497,2196.998264312744,2.7612128,0.6104629,159000,0.08309851,530,7550,0.8576290011405945,0.010801447,45500
15930000,0.017100643,300.0,0.21595669,22.334547868967057,2200.989914417267,2.7550957,0.6131685,159300,0.07444849,531,7492,0.8588714450597763,0.0041818153,44944
15960000,0.006765497,300.0,0.087063335,23.492288446426393,2204.99991607666,2.7481205,0.6196069,159600,0.078307636,532,7496,0.8940227925777435,0.0019260623,45044
15990000,0.0048009492,299.37,0.05728667,21.784418952465057,2209.0078506469727,2.7424512,3.6231968,159900,0.067724444,533,7477,0.6315613090991974,-0.0007029629,42858
16020000,0.006411493,300.0,0.08095334,25.071637855693698,2213.025857448578,2.7383163,0.6952409,160200,0.08357212,534,7370,0.8867237418889999,0.0018208746,44958
16050000,0.0064562736,299.65,0.08657666,19.623799341544508,2217.115851163864,2.7348998,3.7888806,160500,0.06043973,535,7154,0.5112195312976837,-0.0015783819,45356
16080000,0.008857689,299.73,0.11940334,22.561901694685222,2221.3146255016327,2.7320888,3.7726414,160800,0.070235334,536,7215,0.5801202654838562,-0.0012196597,46095
16110000,0.007965577,298.86,0.102246664,28.09307150296867,2225.4781053066254,2.7294765,6.9114456,161100,0.08390112,537,7226,0.39871615171432495,0.0010490195,45307
16140000,0.0069063962,299.51,0.08161,26.39628411307931,2229.6483192443848,2.727158,6.7397857,161400,0.07803194,538,7184,0.3781089782714844,-0.00027585548,44769
16170000,0.0038745827,300.0,0.043063335,27.654189083874225,2233.832284450531,2.7234697,0.60157156,161700,0.09218063,539,7476,0.840977281332016,-5.667458e-05,43057
16200000,0.0044545727,300.0,0.0441,26.338543710261582,2237.850724697113,2.7173617,0.62808037,162000,0.08779513,540,6641,0.8835240975022316,-0.0021741241,28676
16230000,0.008489743,299.27,0.111049995,26.196624651774766,2242.373795747757,2.708912,3.971972,162300,0.08258889,541,7224,0.6019969582557678,0.0016235199,43500
16260000,0.016909232,299.75,0.20722668,26.567012660056353,2246.532933473587,2.7032902,3.4702923,162600,0.08350897,542,7310,0.5565871596336365,-5.0068367e-05,44586
16290000,0.011912898,300.0,0.16004667,27.07130553342402,2250.643096923828,2.6983714,0.6840919,162900,0.09023768,543,7449,0.8388711810112,0.0029306165,45109
16320000,0.025807362,299.14,0.24985667,24.278278998285533,2254.677208185196,2.6934872,7.3991737,163200,0.0711764,544,7338,0.39000624418258667,0.003135953,43676
16350000,0.025132561,299.36,0.26693666,29.792765202373268,2258.771250963211,2.6910865,4.266648,163500,0.09456867,545,7240,0.41398942470550537,0.0052732346,44940
16380000,0.0075736055,298.95,0.09994333,23.732955519407987,2262.9329991340637,2.689774,10.1327505,163800,0.06436769,546,7338,0.3640214204788208,-0.0009190893,45673
16410000,0.009122598,299.26,0.12000333,27.53923858769238,2267.0270488262177,2.6882248,3.924813,164100,0.087066494,547,7237,0.49384933710098267,0.0022949907,39430
16440000,0.006554277,298.29,0.08352334,24.94308683477342,2271.1779911518097,2.6863446,13.257523,164400,0.06329375,548,7392,0.3195125460624695,-0.00031433735,46770
16470000,0.0035415483,298.3,0.03725,25.03021756477654,2275.2421329021454,2.6841612,10.357805,164700,0.068964615,549,7342,0.3173706531524658,-0.00063590973,43421
16500000,0.01631927,300.0,0.21294668,25.412162117064,2279.33376121521,2.680894,0.62136424,165000,0.08470721,550,7437,0.8732800334692001,0.006960021,45285
16530000,0.020217214,299.64,0.24143001,27.075332821458577,2283.3733143806458,2.675758,3.6906924,165300,0.085288465,551,7321,0.5495197176933289,0.004833469,43581
16560000,0.017430702,298.06,0.22132,23.135212853103877,2287.4769325256348,2.6721597,13.48087,165600,0.057733163,552,7416,0.26003026962280273,0.0032114189,44620
16590000,0.008663009,299.31,0.101176664,25.538096162751316,2291.528085708618,2.669434,7.10814,165900,0.07523389,553,7253,0.3892706036567688,-0.0003359855,45108
16620000,0.012909072,298.48,0.16087668,31.22741625495255,2295.6702711582184,2.6654506,10.426292,166200,0.089539245,554,7482,0.29566848278045654,0.0011171084,44739
16650000,0.0052271048,298.99,0.06361,27.57643795900047,2299.698966026306,2.662814,9.711507,166500,0.07708829,555,7524,0.4293064475059509,-0.00091358955,46134
16680000,0.006867513,300.0,0.08574333,25.700078526213765,2303.692484855652,2.6587162,0.590587,166800,0.085666925,556,7453,0.8750312030315399,-0.00032950743,45363
16710000,0.007790588,300.0,0.10305999,26.256696630567312,2307.723528146744,2.6498096,0.62322855,167100,0.08752232,557,7369,0.8885297551751137,0.0021251382,45301
16740000,0.009888748,299.55,0.12279,32.409716535657644,2311.8004796504974,2.6405728,3.6774662,167400,0.10316491,558,7337,0.4337072968482971,0.0010303548,44389
16770000,0.003862779,300.0,0.034653332,28.36241344459355,2315.9081122875214,2.633845,0.728233,167700,0.09454137,559,7294,0.9015449434518814,-0.00086634664,45670
16800000,0.0015685589,299.69,0.009396667,32.093253746405246,2320.0269978046417,2.6284719,3.6742394,168000,0.10203682,560,7355,0.544776052236557,-0.00094746694,44589
16830000,0.0022065355,300.0,0.015426666,30.68133056923747,2324.1118257045746,2.6243718,0.73371154,168300,0.1022711,561,7361,0.8446397036314011,-0.00058740546,43561
16860000,0.005670054,297.09,0.064210005,28.9237195584923,2328.194511413574,2.619513,10.570331,168600,0.08161429,562,6820,0.3599555492401123,-0.0019599253,31131
16890000,0.011724904,298.61,0.15494002,30.521298216730358,2332.5995185375214,2.6153505,9.995999,168900,0.08708227,563,7459,0.37393712997436523,0.0010855536,44431
16920000,0.0060533714,298.85,0.07396667,26.46654445461929,2336.627632379532,2.6119561,7.362874,169200,0.07863542,564,7322,0.4121992588043213,-0.00058887823,44940
16950000,0.00423742,298.97,0.041473333,29.24076159067452,2340.7307846546173,2.609547,6.872949,169500,0.087725475,565,7254,0.4085819125175476,-0.0018297428,45042
16980000,0.017633393,300.0,0.18995333,30.95568039879203,2344.872008085251,2.6047187,0.64402074,169800,0.103185594,566,7194,0.7685511410236359,0.007031833,44638
17010000,0.017819373,300.0,0.23374,27.749776481762527,2349.0472922325134,2.5958295,0.58245486,170100,0.09249925,567,7358,0.8843813836574554,0.007306128,43468
17040000,0.0072686113,299.33,0.09261,28.911753456294537,2353.1302428245544,2.5878565,6.6844797,170400,0.086473815,568,7208,0.49381375312805176,0.00035169732,42550
17070000,0.0035021114,299.34,0.034036666,31.357016913965346,2357.297924757004,2.5828643,7.1882257,170700,0.0946418,569,7094,0.38674670457839966,-0.0005306376,36627
17100000,0.008225525,298.67,0.10464001,33.07935248166323,2361.5327668190002,2.579811,3.9786086,171000,0.10557069,570,7156,0.5064705014228821,0.0007809258,44175
17130000,0.007824162,299.63,0.09506333,30.987102924361825,2365.744870662689,2.575968,3.7963905,171300,0.09827655,571,7250,0.5325150787830353,0.000651065,44652
17160000,0.005336533,299.37,0.060500003,32.81905754067004,2369.8884987831116,2.5719993,7.1914663,171600,0.09950779,572,7360,0.32684528827667236,0.00040332932,44419
17190000,0.006599749,299.51,0.08559333,29.849577124640344,2373.970524072647,2.5683858,4.1481657,171900,0.09469597,573,7191,0.5721221268177032,0.00048940117,44793
17220000,0.0071458095,299.75,0.09517,30.72628165923059,2378.1488621234894,2.565325,3.5980968,172200,0.0973775,574,7257,0.6240954995155334,0.0003469459,41665
17250000,0.0045935856,300.0,0.049653333,32.39614576645195,2382.2885251045227,2.5606227,0.6914655,172500,0.10798716,575,7207,0.8131812959909439,0.00085595425,44820
17280000,0.01053665,300.0,0.14541335,29.95703954555094,2386.4577872753143,2.55118,0.65569717,172800,0.0998568,576,7378,0.8500915765762329,0.001854705,44521
17310000,0.009390551,296.23,0.12615333,29.06806226886809,2390.529866218567,2.5418382,13.172905,173100,0.07693706,577,7452,0.4207383990287781,-0.0011233421,44649
17340000,0.008589545,300.0,0.111436665,33.38775733940303,2394.561457157135,2.5354898,0.70674574,173400,0.111292526,578,7391,0.8163131922483444,0.00095109676,45044
17370000,0.0074869744,296.06,0.10181334,27.80967435836792,2398.6390130519867,2.5281017,20.01174,173700,0.06304597,579,7360,0.2896634340286255,-0.0015666293,46053
17400000,0.009786831,299.21,0.12505,34.95301789656281,2402.72162938118,2.5236256,3.734785,174000,0.111704804,580,7267,0.5192916989326477,0.0021497258,43927
17430000,0.004653066,299.29,0.04964,35.778410876393316,2406.869017601013,2.520445,6.967078,174300,0.109367676,581,7416,0.4364149570465088,0.0016900118,43987
17460000,0.0027398495,299.16,0.02346,33.64450305663049,2410.9327602386475,2.5181873,7.3272743,174600,0.10242906,582,7265,0.45905154943466187,-0.0005636877,45197
17490000,0.0017993394,295.3,0.01565,33.338452945798636,2415.0679965019226,2.5168614,16.960987,174900,0.0869936,583,7341,0.3283747434616089,0.00067693164,43945
17520000,0.004420452,300.0,0.04501667,32.09188709817827,2419.1604812145233,2.5135422,0.75436586,175200,0.106972955,584,7341,0.8783774524927139,-0.0016806629,45057
17550000,0.0057431567,298.51,0.0555,33.014918078556654,2423.253050804138,2.5070608,13.5830965,175500,0.090472154,585,7337,0.34080225229263306,0.0004874017,43293
17580000,0.0048305006,299.61,0.05510667,32.56688418328762,2427.34787774086,2.5028167,4.000264,175800,0.103647426,586,7136,0.4974862337112427,-0.0002379336,45093
17610000,0.009337752,296.88,0.117620006,33.59316093161702,2431.5581924915314,2.4996972,20.755749,176100,0.083114274,587,7251,0.22396612167358398,0.0008197556,43262
17640000,0.00366974,298.09,0.03514666,32.00899492755532,2435.7016110420227,2.4985018,10.638288,176400,0.09148313,588,7220,0.39391326904296875,-0.00010945925,44608
17670000,0.0068576382,298.41,0.09086667,30.759724174439906,2439.863167285919,2.4974868,7.041681,176700,0.09303311,589,7343,0.49359166622161865,-0.00055154075,44289
17700000,0.002106666,297.37,0.016293332,31.9462587441504,2443.95441198349,2.4959462,16.545826,177000,0.08233867,590,7344,0.3744787573814392,-0.0008377951,41066
17730000,0.0039764093,300.0,0.042729996,32.672858145684,2448.0450387001038,2.492847,0.6944138,177300,0.108909525,591,6670,0.8805386498570442,-0.0017269772,28842
17760000,0.020337338,296.51,0.20945,34.33848037563264,2452.5484454631805,2.4865575,14.063846,177600,0.09502077,592,7237,0.3817715048789978,0.0043241386,44631
17790000,0.057036925,300.0,0.44575334,29.512098556607963,2456.699604511261,2.482642,0.8114586,177900,0.09837366,593,7300,0.8787203878164291,0.035716683,43127
17820000,0.12999044,294.76,0.5417067,28.29426572844386,2460.815515756607,2.480378,13.892555,178200,0.074291445,594,7135,0.41140979528427124,0.015351144,43286
17850000,0.015849639,298.07,0.19363333,28.06723198592663,2465.0257515907288,2.4793062,7.2915673,178500,0.084024794,595,7339,0.3334242105484009,-0.00022238497,46087
17880000,0.0055881776,298.0,0.067093335,28.48474097132683,2469.119693994522,2.4784427,17.155796,178800,0.07039349,596,7443,0.31335991621017456,-0.00032623595,43777
17910000,0.0067169527,298.83,0.08279666,32.41592050261796,2473.1559414863586,2.477722,10.334082,179100,0.09342004,597,7397,0.398159921169281,-0.0013876815,45130
17940000,0.0033824723,298.42,0.03275,31.69176448971033,2477.219942331314,2.4769402,10.706217,179400,0.09111194,598,7274,0.4151858687400818,-0.00029820483,42606
17970000,0.005914663,298.76,0.06979333,31.854915119186042,2481.3502173423767,2.4757104,7.3573127,179700,0.09663896,599,7246,0.5155643224716187,-0.00038814088,43713
18000000,0.0047009448,298.12,0.04887,32.12086188182235,2485.496353149414,2.4727569,15.573206,180000,0.08234601,600,7356,0.42609840631484985,-0.00024095853,44045
18030000,0.01132401,298.17,0.16050002,33.02060486108065,2489.5937399864197,2.467659,7.2395353,180300,0.100126766,601,7103,0.4787977337837219,-0.00057878555,36451
18060000,0.016865173,299.61,0.22600333,33.30894392579794,2493.822761297226,2.4613602,4.307362,180600,0.1061389,602,7420,0.486300528049469,0.0033142078,45582
18090000,0.0070114634,296.88,0.090739995,31.685205493792893,2497.871591091156,2.4572663,8.2389,180900,0.09283697,603,7311,0.48616766929626465,-0.00018482811,44873
18120000,0.0075565623,298.0,0.087356664,33.545122261717914,2501.980754137039,2.4540322,15.978052,181200,0.08720952,604,7348,0.3536289930343628,-0.00035852005,44359
18150000,0.010181106,298.87,0.13482668,34.49730661921203,2506.0704004764557,2.449701,7.012065,181500,0.10496238,605,7411,0.5754124224185944,0.0011240819,44117
18180000,0.0042162887,300.0,0.04484,32.824318747892974,2510.1257605552673,2.4453197,0.79594696,181800,0.1094144,606,7143,0.8757237643003464,-0.002882028,44944
18210000,0.0077292146,298.88,0.10179333,35.39838484063745,2514.331255197525,2.4389641,9.896192,182100,0.1032484,607,7291,0.3984506130218506,9.564718e-05,43417
18240000,0.0063480907,299.65,0.075103335,35.14220901928842,2518.4532465934753,2.433434,3.825686,182400,0.11223352,608,7230,0.5957666337490082,0.00053169054,44034
18270000,0.013838848,299.41,0.18404666,35.843817644789816,2522.608685731888,2.4282157,6.5993567,182700,0.109603584,609,7265,0.5576213300228119,0.002131707,44786
18300000,0.01625666,299.28,0.18795,31.89691495269537,2526.7578117847443,2.4250789,6.5329466,183000,0.09651618,610,7442,0.5184274315834045,0.0022630699,45518
18330000,0.006487935,299.19,0.08253333,29.506755716055633,2530.793979883194,2.423809,6.8880205,183300,0.08856796,611,7288,0.6051611006259918,-0.0005720554,42628
18360000,0.007895898,298.76,0.11005,31.655194283276796,2534.915992975235,2.4225945,9.578384,183600,0.090819634,612,7599,0.5308866500854492,-0.0005515503,45972
18390000,0.00414501,300.0,0.04379667,31.624542428329587,2538.869819164276,2.4194832,0.77743423,183900,0.10541514,613,7349,0.9001444876194,-0.0012733315,42886
18420000,0.0068744114,300.0,0.087013334,32.757490843310954,2542.957662820816,2.4122226,0.81675017,184200,0.109191634,614,7098,0.9172516688704491,0.00027924223,44451
18450000,0.018101353,298.69,0.23694667,35.441652569025756,2547.1896257400513,2.4038777,9.987352,184500,0.10337452,615,7389,0.5056875944137573,0.0031951945,44316
18480000,0.008883581,297.68,0.12335334,33.882853408306836,2551.255580186844,2.3989031,7.1812997,184800,0.10310989,616,7298,0.5948304235935211,0.0005850611,43612
18510000,0.018648678,297.91,0.24825001,35.95896444298327,2555.372041940689,2.3953998,13.407155,185100,0.10055252,617,7369,0.45079267024993896,0.0054183463,43901
18540000,0.01145538,299.71,0.15738668,35.027294305562975,2559.4619188308716,2.3920121,3.5899453,185400,0.111843035,618,7310,0.6943079829216003,-0.00012088862,44165
18570000,0.006617713,298.72,0.07939334,34.987186741307376,2563.5722126960754,2.3870401,7.2143135,185700,0.10720307,619,7219,0.5350439548492432,4.6913156e-05,40272
18600000,0.02339427,300.0,0.25726333,35.90084530550987,2567.7335448265076,2.382779,0.74669755,186000,0.11966949,620,6972,0.8641355335712433,0.008644296,35765
18630000,0.007623208,299.41,0.09305,40.94790105596185,2572.0424830913544,2.3786263,6.967219,186300,0.1265948,621,7076,0.47874271869659424,0.0012843899,42669
18660000,0.0068274983,299.19,0.08613334,33.98178353436291,2576.3006632328033,2.3756623,7.153529,186600,0.10348858,622,7296,0.5854096114635468,-0.00063993194,45231
18690000,0.008687749,295.75,0.11934334,36.94595238789916,2580.4184958934784,2.3739512,11.2405405,186900,0.10488364,623,7245,0.47567540407180786,0.002113829,44280
18720000,0.003328321,296.12,0.031143334,36.658963708057996,2584.565014600754,2.3729591,8.127607,187200,0.10896298,624,7306,0.5882664322853088,0.00061944476,44068
18750000,0.005191408,299.12,0.05722,35.50271467804909,2588.676757335663,2.372048,6.8849287,187500,0.10865916,625,7374,0.6405112147331238,0.00081664044,44914
18780000,0.0113287615,297.96,0.14836,33.80609911762178,2592.7510640621185,2.3703666,6.9347506,187800,0.102575704,626,7290,0.5745882987976074,0.00035425863,44048
18810000,0.0052234223,299.69,0.060943328,33.12447045892477,2596.8719096183777,2.367464,3.898423,188100,0.10548886,627,7343,0.6934264898300171,3.5396835e-05,43634
18840000,0.0041183284,299.77,0.048783336,35.95816622138023,2600.963102579117,2.363637,3.8035736,188400,0.11487816,628,7493,0.6282677352428436,-0.003117953,43235
18870000,0.009103936,299.79,0.1153,37.73576351493597,2604.9721298217773,2.359629,3.6650887,188700,0.120788485,629,7329,0.7238195240497589,0.0023043132,44606
18900000,0.005289076,300.0,0.06321333,39.91161348007619,2609.0714180469513,2.3561366,0.9185594,189000,0.13303871,630,7336,0.8668525964021683,0.0003631729,43438
18930000,0.0063869515,299.68,0.07592,37.748545845821496,2613.166268825531,2.352123,4.038604,189300,0.120914266,631,7576,0.6700790822505951,-0.00088976836,44365
18960000,0.005591442,300.0,0.070199996,37.442788354977964,2617.132265329361,2.3454869,0.8287281,189600,0.124809295,632,7205,0.8939516618847847,-0.00022806544,44920
18990000,0.012889074,297.23,0.18109,38.18341386556625,2621.301271677017,2.3373082,13.40027,189900,0.107811004,633,7357,0.4213889241218567,-0.00037529628,44783
19020000,0.005955535,300.0,0.07226334,37.980346260443326,2625.3844351768494,2.3304877,0.83839864,190200,0.12660114,634,7550,0.9082201570272446,-0.0016616753,44519
19050000,0.007067679,299.53,0.08996,38.39190515942872,2629.3633654117584,2.3214324,4.0463247,190500,0.123111665,635,7312,0.6955334544181824,0.0006251323,45431
19080000,0.01062647,300.0,0.14702667,39.64109774440527,2633.4717416763306,2.3152034,0.9881055,190800,0.132137,636,7407,0.9086278080940247,0.005474535,44888
19110000,0.014487344,296.75,0.16403334,35.418180749714374,2637.5271365642548,2.31037,10.61455,191100,0.10368836,637,7551,0.483745276927948,0.00059106265,45224
19140000,0.011084063,299.46,0.15106334,40.324203538298605,2641.5056002140045,2.3067281,4.4472437,191400,0.12966436,638,7334,0.5678750276565552,0.0016215661,44355
19170000,0.0040420904,300.0,0.038796663,37.46082374699414,2645.60245013237,2.302637,0.852756,191700,0.124869406,639,7313,0.9141108319163322,-0.00019646405,43409
19200000,0.0035151322,298.5,0.03096,42.40791657917202,2649.710428714752,2.2972312,7.172296,192000,0.13162188,640,7292,0.5614188015460968,0.002689182,45559
19230000,0.005463495,299.53,0.06724666,38.652868526130916,2653.8429725170135,2.293243,4.018904,192300,0.12400005,641,7138,0.6747522950172424,-0.00052871776,33122
19260000,0.00801824,299.71,0.10571667,39.50627584993839,2658.0544335842133,2.2900863,3.9715602,192600,0.12670057,642,6795,0.6401979029178619,-0.0006434325,28737
19290000,0.005789965,297.52,0.07062666,38.7863440425694,2662.4750277996063,2.2876377,10.192005,192900,0.114198685,643,7285,0.45020413398742676,0.00069391925,44452
19320000,0.01124624,299.77,0.15054335,35.49672683611512,2666.5989837646484,2.2852473,3.7210662,193200,0.11333135,644,7398,0.7167418301105499,0.00050925306,45136
19350000,0.003663464,300.0,0.036063332,36.046589333117005,2670.6598587036133,2.2814462,0.7731355,193500,0.1201553,645,7442,0.8027402311563492,-0.0015405575,45093
19380000,0.0064851404,297.5,0.084413335,39.594877135828135,2674.6968326568604,2.2770708,14.248917,193800,0.1124536,646,7480,0.40261852741241455,9.135633e-05,44938
19410000,0.009687088,300.0,0.13359667,37.64833411373198,2678.7141313552856,2.274182,0.8480279,194100,0.12549445,647,7483,0.8825516700744629,0.001751163,44918
19440000,0.006351406,299.37,0.078276664,42.427479666918515,2682.728252887726,2.2706268,4.091519,194400,0.13671815,648,7359,0.5359610617160797,0.000661185,44661
19470000,0.0067316554,298.32,0.08930667,41.02596769966185,2686.8235936164856,2.2673068,10.90875,194700,0.12223395,649,7725,0.39421766996383667,0.00015675258,45116
19500000,0.010323702,298.76,0.13216333,38.64328112468124,2690.7130765914917,2.2652361,7.46486,195000,0.11940326,650,7521,0.5122020542621613,0.0014123243,45710
19530000,0.01066608,296.15,0.13253,33.33475301995873,2694.7082047462463,2.2637432,17.610874,195300,0.086884685,651,7346,0.35698217153549194,-0.00024358704,46296
19560000,0.0049534477,298.92,0.05540334,37.22926442995667,2698.7981424331665,2.2625742,7.155751,195600,0.11460802,652,7537,0.6255121529102325,-0.00012777696,45313
19590000,0.008257317,299.76,0.108449996,40.7154125982523,2702.7844450473785,2.261075,3.6988163,195900,0.13073623,653,7472,0.6495790481567383,0.001582009,44197
19620000,0.031155324,293.53,0.31847337,39.50967661194503,2706.8052518367767,2.2593696,22.59062,196200,0.097163506,654,7220,0.4318007826805115,0.006032798,45295
19650000,0.0059892097,299.48,0.074156664,38.57823800325394,2710.96742272377,2.2580693,3.966248,196500,0.1238254,655,7428,0.7404324412345886,-0.0016736848,45317
19680000,0.0062550083,294.99,0.07619333,41.0161828712374,2715.012578725815,2.2556164,12.55527,196800,0.11968486,656,7323,0.40245842933654785,-0.00048199287,44075
19710000,0.020309933,297.92,0.17995667,36.14325238607824,2719.1147215366364,2.253289,10.353126,197100,0.105517246,657,6793,0.4914703369140625,0.0027820074,33710
19740000,0.019605562,296.87,0.21189669,40.1791038954258,2723.53667140007,2.251876,7.1284323,197400,0.12496111,658,7275,0.5681393444538116,0.0025229044,43585
19770000,0.017900106,300.0,0.21630666,39.38261254452169,2727.666209936142,2.2496796,0.93957675,197700,0.13127537,659,7340,0.8683010190725327,0.009187786,45840
19800000,0.02989024,299.0,0.24381001,38.07445408374071,2731.7594203948975,2.2456815,10.00915,198000,0.11219432,660,7375,0.5567622482776642,0.004799348,43370
19830000,0.016161798,299.74,0.19494,35.76492605127394,2735.833493232727,2.2430632,3.7594273,198300,0.11425453,661,7306,0.7634510397911072,0.0028489782,43319
19860000,0.008595784,297.84,0.11691002,42.28903687864542,2739.9453558921814,2.2409601,1.7964604,198600,0.13765351,662,7301,0.8357585966587067,0.0021357308,46711
19890000,0.0059170453,298.39,0.068286665,43.71141602523625,2744.0604617595673,2.2383442,7.306952,198900,0.13594916,663,7118,0.5453160107135773,0.0005371958,39857
19920000,0.004792641,297.24,0.053850006,38.98976919017732,2748.2942926883698,2.2359662,4.786769,199200,0.12192406,664,7188,0.7086934745311737,-0.0007565023,37026
19950000,0.00368133,300.0,0.037616663,41.20390229068696,2752.473843574524,2.2317517,0.9139636,199500,0.13734634,665,7403,0.9202175736427307,-0.0005453434,44113
19980000,0.005175521,299.36,0.059146672,43.72090261034668,2756.531558036804,2.224839,6.936377,199800,0.13588609,666,7335,0.5743275284767151,0.00032314617,45437
20010000,0.0077550276,298.57,0.09226667,39.36059642001987,2760.640540599823,2.2192104,7.0024667,200100,0.12127875,667,7328,0.61761474609375,0.00016016075,45721
20040000,0.009573743,299.53,0.12104668,40.59438452407718,2764.74019408226,2.2147076,6.666186,200400,0.12534948,668,7362,0.6600527465343475,9.965111e-06,44559
20070000,0.009850447,299.54,0.11986333,42.64932013370097,2768.8210031986237,2.2110417,3.7422707,200700,0.13734986,669,7342,0.6811502873897552,0.001503298,46592
20100000,0.016559992,298.77,0.19694333,40.612046380490064,2772.912913799286,2.2085252,6.8848944,201000,0.12547913,670,7507,0.6359056830406189,0.003935981,44892
20130000,0.0061464007,299.65,0.07471,41.50248640462756,2776.9149770736694,2.2056963,3.975891,201300,0.13346301,671,7359,0.7374637126922607,-0.0011381576,45573
20160000,0.005788709,300.0,0.06762667,45.22511427536607,2780.9970412254333,2.1983452,0.9909973,201600,0.15075038,672,7444,0.8726155161857605,-0.00054888154,44266
20190000,0.007200226,298.91,0.08922333,43.88227953068912,2785.045418024063,2.190911,4.264098,201900,0.1415079,673,7342,0.7304170727729797,3.6639667e-05,45533
20220000,0.010659866,300.0,0.13993667,45.009612473547456,2789.1369800567627,2.1853108,1.0526935,202200,0.15003204,674,7309,0.8968444466590881,0.0040726764,45371
20250000,0.005048911,300.0,0.06278999,42.08696611098945,2793.2473607063293,2.1789534,1.0214314,202500,0.14028989,675,7348,0.9088797718286514,-0.0010924707,44933
20280000,0.0047865943,297.78,0.05535667,42.03874863691628,2797.3359141349792,2.171927,13.751164,202800,0.12096046,676,7346,0.5342605412006378,-0.0007070728,43550
20310000,0.0077598416,299.3,0.095023334,44.991420154199005,2801.4258852005005,2.1661246,6.584227,203100,0.14017002,677,7082,0.6219404637813568,0.001490569,42382
20340000,0.008227476,300.0,0.10815666,45.17488696113229,2805.667980194092,2.1598353,0.8866061,203400,0.15058295,678,7433,0.8339077979326248,0.00043322658,43986
20370000,0.011993105,300.0,0.16564666,41.300723686516285,2809.709913253784,2.1515386,0.9647123,203700,0.13766909,679,7162,0.8987051844596863,0.0010313677,45573
20400000,0.008450974,300.0,0.11311334,46.03471646368504,2813.9037895202637,2.144661,1.1978774,204000,0.15344906,680,7157,0.9198485463857651,0.0029178532,40457
20430000,0.006233962,299.18,0.07197333,47.010557930245994,2818.1141879558563,2.1395416,10.30501,204300,0.14180823,681,7413,0.5470745861530304,0.00085353106,46575
20460000,0.0051920656,297.44,0.060703337,45.380219028815624,2822.1802151203156,2.1354985,10.892599,204600,0.13623852,682,7193,0.5713585615158081,6.420625e-05,44305
20490000,0.0049925847,299.35,0.053329997,44.849215027838945,2826.356807947159,2.1326728,4.3016114,204900,0.1448286,683,7313,0.7240616679191589,-0.0010707165,45966
20520000,0.0047782855,298.77,0.04887333,46.12465146429837,2830.46436047554,2.1296916,7.2453117,205200,0.14416255,684,7369,0.6126749813556671,-0.00031700605,43707
20550000,0.009240176,288.46,0.118190005,46.379789385050536,2834.5412645339966,2.12757,22.374786,205500,0.118899755,685,7499,0.47040778398513794,0.00080010283,43760
20580000,0.0023153832,294.07,0.018916667,42.649985017850994,2838.548282146454,2.1262825,9.132312,205800,0.12591064,686,6751,0.6790523529052734,0.000103505656,29356
20610000,0.005154326,299.5,0.05200667,43.8255751683563,2842.9979350566864,2.1244001,4.18304,206100,0.14128813,687,7398,0.7381366491317749,-0.0028176866,45504
20640000,0.003342985,296.6,0.032813333,44.44302489943802,2847.059361219406,2.1201584,10.175699,206400,0.13347317,688,7412,0.6135060787200928,0.0013627962,43291
20670000,0.0062957644,296.41,0.07292,47.04732980333269,2851.113484144211,2.1171727,12.697699,206700,0.13388528,689,7370,0.5380732119083405,0.0005425761,44130
20700000,0.0076082535,298.97,0.09533,45.5334445926547,2855.2029054164886,2.1148894,10.369814,207000,0.13704203,690,7192,0.5472736358642578,0.002314718,43611
20730000,0.004669157,297.63,0.05355667,45.32632620863617,2859.3801851272583,2.1127076,14.014287,207300,0.13171409,691,7359,0.5367894470691681,-0.00084578793,45523
20760000,0.020263538,300.0,0.21949665,45.6595436566323,2863.462917327881,2.1093247,0.92252046,207600,0.1521985,692,7460,0.8868087157607079,0.011393438,44919
20790000,0.021939361,300.0,0.21560666,41.379309833049774,2867.4902205467224,2.1036484,1.0378358,207900,0.13793103,693,7369,0.9172545447945595,0.012228021,43924
20820000,0.010592902,299.77,0.13178334,43.47532723583281,2871.5666842460632,2.0984197,3.6290467,208200,0.1398911,694,7290,0.8325302302837372,0.0023552615,44462
20850000,0.016608505,296.57,0.19965,42.31153233014047,2875.6870472431183,2.0929315,13.488707,208500,0.12150324,695,7365,0.5469910502433777,0.0024580534,44324
20880000,0.007975057,299.12,0.09684333,43.44097838751972,2879.7661986351013,2.089325,4.5471807,208800,0.1402154,696,7314,0.6788979470729828,0.0007002546,45043
20910000,0.008764612,299.72,0.11652,45.356535544097426,2883.873375892639,2.0859382,3.921959,209100,0.14622064,697,7240,0.7348260581493378,6.8522466e-05,43467
20940000,0.0062700473,297.29,0.07869667,45.77888701625168,2888.022909641266,2.082743,13.471636,209400,0.13294326,698,7519,0.5607700347900391,-0.0013855102,46757
20970000,0.0068632727,298.76,0.079786666,44.726368411406874,2892.0193424224854,2.0801907,10.108503,209700,0.13443445,699,7456,0.5373350083827972,0.00011679876,46288
21000000,0.0061168605,299.74,0.06986,48.79328420028091,2896.0489070415497,2.0778296,3.9511209,210000,0.15770228,700,7453,0.6486804187297821,0.0009917347,44960
21030000,0.011632933,297.35,0.13147333,47.283300344944,2900.1053814888,2.0749843,14.0894985,210300,0.13870573,701,7170,0.44829148054122925,-0.001777404,36250
21060000,0.008484332,298.2,0.10146999,43.518019342347976,2904.2953312397003,2.0732274,11.325537,210600,0.13081886,702,7344,0.5231530964374542,-0.000637957,44384
21090000,0.0047947266,296.64,0.05139333,46.650524236634375,2908.3861458301544,2.0718744,14.6753645,210900,0.13623486,703,7265,0.3428238034248352,-0.0011676296,44436
21120000,0.0052142767,297.5,0.058416665,42.83470764167607,2912.522202730179,2.0706668,13.897779,211200,0.123651266,704,7335,0.5012827813625336,-0.001418716,43468
21150000,0.0056117238,297.19,0.06854,45.39155311957002,2916.6182906627655,2.0695946,18.561224,211500,0.12749128,705,7399,0.4327290654182434,0.00056749646,43441
21180000,0.005259373,299.02,0.05912,43.54991333000362,2920.6791472434998,2.0684335,7.2072344,211800,0.13551997,706,7190,0.6403679847717285,-0.002076166,43444
21210000,0.0056035053,294.88,0.065976664,43.14373675465584,2924.858843564987,2.066635,13.348462,212100,0.12545836,707,7479,0.5004369914531708,-0.00045756,44509
21240000,0.007796952,298.3,0.10769667,43.50557273738086,2928.8761496543884,2.0652177,7.6374917,212400,0.13565958,708,6900,0.6091073155403137,-0.0011059877,30464
21270000,0.00991865,296.75,0.12571666,39.20611992947757,2933.229811191559,2.06348,7.9435487,212700,0.117947794,709,7250,0.6308997869491577,-0.000961234,43572
21300000,0.010584227,298.38,0.12661667,40.611470079496506,2937.373863220215,2.0623498,13.458046,213000,0.11591665,710,7252,0.46169722080230713,-0.0016824715,43936
21330000,0.013056797,297.95,0.16659667,33.91487317606807,2941.517169713974,2.0615687,16.185593,213300,0.088847496,711,7366,0.43771904706954956,-0.0003817549,44939
21360000,0.008854045,299.16,0.11536666,32.058832187950614,2945.5967211723328,2.0614135,6.88855,213600,0.097200066,712,7532,0.602307140827179,-0.0014932582,44948
21390000,0.011322219,297.84,0.14007667,31.812739618718624,2949.5863585472107,2.0611196,13.251979,213900,0.08629638,713,7373,0.49617964029312134,-0.00010366501,45713
21420000,0.011217548,296.21,0.14565668,30.184669924378394,2953.6621050834656,2.0606844,16.736607,214200,0.07617325,714,7294,0.45258647203445435,-0.0013555795,43967
21450000,0.015236984,297.62,0.17632334,30.091970117837192,2957.7806725502014,2.0602179,7.620088,214500,0.09021551,715,7342,0.5743742883205414,0.001241562,37825
21480000,0.02899965,295.89,0.29323667,27.56112229183316,2961.8727362155914,2.0599148,11.297379,214800,0.07382095,716,7398,0.4963269829750061,0.0035536673,43922
21510000,0.019221408,300.0,0.19535667,29.48686877705157,2965.934054374695,2.0594065,1.1619883,215100,0.098289564,717,7169,0.8741194754838943,0.0022374704,44195
21540000,0.024573712,296.23,0.24838333,34.6269318073988,2970.124348640442,2.0583475,16.519062,215400,0.09086214,718,7313,0.44455742835998535,0.0007233617,45974
21570000,0.008293446,295.96,0.1075,38.63367310255766,2974.23286485672,2.0579066,7.159569,215700,0.118143834,719,7384,0.684056431055069,-0.0012629732,44132
21600000,0.0081549045,299.47,0.107080005,42.39381433956325,2978.3020906448364,2.0567768,3.8975816,216000,0.13644634,720,7422,0.7744531184434891,-5.156555e-05,44033
21630000,0.0050860145,296.82,0.060766667,42.51016263186931,2982.34983587265,2.0546937,13.058714,216300,0.121960364,721,7316,0.504046231508255,4.1684532e-05,44490
21660000,0.0030514966,299.45,0.024689998,45.19457575410605,2986.457064628601,2.0529125,4.4891615,216600,0.14587483,722,7423,0.6178272664546967,0.0004339825,42897
21690000,0.0063895048,296.73,0.07722333,44.90877467676997,2990.5045924186707,2.0502584,5.639881,216900,0.142137,723,7381,0.6444098651409149,-0.00022480734,43530
21720000,0.008633799,298.58,0.115423344,43.606872613579036,2994.574904680252,2.0474617,12.695123,217200,0.12572409,724,7223,0.5494621396064758,0.00033183768,42901
21750000,0.006321582,298.62,0.08134667,42.75758431896568,2998.7341389656067,2.0447307,9.841391,217500,0.1280637,725,7386,0.5647293925285339,-0.0016548682,44298
21780000,0.008022568,299.16,0.07491334,44.691616427376864,3002.8021581172943,2.0411568,7.2603226,217800,0.13927504,726,7240,0.6399239301681519,0.0015121761,45192
21810000,0.006844493,299.69,0.08828,44.03999248631298,3006.951729297638,2.037521,3.9438534,218100,0.14187911,727,7391,0.7255426049232483,-0.001895307,45005
21840000,0.0034672045,300.0,0.03518,46.1907930085063,3011.0169711112976,2.0335803,1.1146066,218400,0.1539693,728,7436,0.8819371610879898,-0.0011698492,45956
21870000,0.012817311,298.56,0.16348334,44.51627979852259,3015.056720018387,2.0289545,4.141758,218700,0.143398,729,7275,0.788577601313591,0.0019369035,44344
21900000,0.0067927437,299.21,0.082786664,43.00502297624946,3019.1880016326904,2.0254855,7.160697,219000,0.13361365,730,7232,0.6120350360870361,-0.001555448,40908
21930000,0.007413175,298.97,0.09424667,49.57214428298175,3023.3427696228027,2.0215507,6.95979,219300,0.1554763,731,7236,0.6072198152542114,0.002025209,45255
21960000,0.0055011003,299.51,0.063486665,45.567983725667,3027.5083618164062,2.0180154,6.3918123,219600,0.14189215,732,7307,0.6185880601406097,1.6721828e-05,44610
21990000,0.00730785,300.0,0.09627,46.20543151833117,3031.620255470276,2.013328,1.1074903,219900,0.1540181,733,7185,0.9131339490413666,0.0018749532,43847
22020000,0.0111348275,298.47,0.14439332,46.813904146924614,3035.8007521629333,2.008735,1.930844,220200,0.15283392,734,7248,0.8728537857532501,0.004433456,44594
22050000,0.010101473,294.83,0.14157,48.34837082199752,3039.9459207057953,2.0045085,16.744785,220500,0.13698716,735,7188,0.5035794079303741,-0.00024730546,43656
22080000,0.006678044,297.08,0.08329667,45.499233577921984,3044.1252722740173,2.002307,7.5274086,220800,0.1416216,736,7126,0.6928214132785797,0.0011293617,39974
22110000,0.0059658797,299.51,0.07191667,48.158271965160964,3048.340715646744,2.000235,3.9415135,221100,0.15560088,737,6903,0.7672774642705917,0.0011723035,29340
22140000,0.0052739843,296.63,0.05733,48.44074659258127,3052.691951274872,1.9979979,11.099909,221400,0.14704713,738,7393,0.5964719653129578,0.0021147723,45857
22170000,0.0058440985,300.0,0.069460005,47.0045504360646,3056.7558414936066,1.9958837,1.1352708,221700,0.15668184,739,7408,0.9138779938220978,0.0012586449,45634
22200000,0.0038193446,300.0,0.03872333,49.92363302730024,3060.81121134758,1.9921808,1.1270263,222000,0.16641212,740,7219,0.8973049819469452,-0.0007242204,44958
22230000,0.007296565,293.38,0.08725667,45.27119005344808,3064.9862852096558,1.9879858,11.269053,222300,0.13376153,741,7417,0.6070367693901062,0.00031423068,45582
22260000,0.0071291104,295.36,0.090966664,45.36015542581677,3069.037508249283,1.9856716,8.993058,222600,0.13834116,742,7258,0.602970689535141,5.4371775e-08,43631
22290000,0.0041839303,295.96,0.040573332,45.65190879702568,3073.1768407821655,1.9833775,8.11082,222900,0.13939005,743,7269,0.7185602784156799,-0.0012577618,44531
22320000,0.009332521,295.1,0.11761999,45.59315243333578,3077.3101217746735,1.9818351,13.5435915,223200,0.13231802,744,7371,0.5654893815517426,0.0005351331,43252
22350000,0.014947617,294.11,0.18626998,46.25222030416131,3081.3861639499664,1.9808645,16.272476,223500,0.13031115,745,7163,0.6095547080039978,0.0031385988,44799
22380000,0.011340583,300.0,0.14777334,48.7128663084656,3085.580407142639,1.9792554,1.030946,223800,0.16237622,746,7562,0.8397710919380188,0.0043081287,44426
22410000,0.0052547217,300.0,0.062143333,48.68882480129599,3089.5532836914062,1.9741751,1.103311,224100,0.16229609,747,7417,0.9001869410276413,7.931047e-05,45584
22440000,0.008655298,300.0,0.11463334,46.53877279825509,3093.603712797165,1.9678272,1.2500651,224400,0.15512925,748,7449,0.9076232612133026,0.0017211968,45660
22470000,0.009930866,299.64,0.10977334,50.4148220449686,3097.6363985538483,1.9616296,4.3296423,224700,0.16317101,749,7343,0.7275678515434265,0.0042910324,45700
22500000,0.01049531,298.19,0.12821999,50.06750714547932,3101.742728948593,1.9571543,2.0326266,225000,0.16403319,750,7303,0.8844997435808182,0.0031807632,46785
22530000,0.0061013317,299.22,0.079453334,46.18842392094433,3105.856064081192,1.9538491,7.281948,225300,0.14420442,751,7312,0.6596330106258392,-0.0021032493,44570
22560000,0.0094074,296.98,0.11682999,45.151742394864556,3109.964818954468,1.952008,7.204671,225600,0.14110753,752,7242,0.7014173567295074,0.00085463363,44890
22590000,0.008387848,298.12,0.09785334,49.007837778553366,3114.112981081009,1.9499146,9.96918,225900,0.14827166,753,7383,0.6317043602466583,-0.0010509843,44953
22620000,0.004718578,299.76,0.051493336,46.643219915628436,3118.1829347610474,1.9473778,4.6514387,226200,0.15048406,754,7573,0.7867109775543213,1.7028267e-05,46478
22650000,0.0041038627,299.81,0.040656663,50.630940120816234,3122.150264263153,1.9432147,3.6433766,226500,0.16376328,755,7298,0.7202392518520355,0.00029688663,44273
22680000,0.008279809,299.02,0.09813667,50.44044926539063,3126.2797741889954,1.9369293,7.158654,226800,0.15856136,756,7319,0.6591628789901733,0.0011565104,46802
22710000,0.010155754,300.0,0.13056001,50.396717348471284,3130.384675502777,1.9327255,1.375418,227100,0.16798906,757,7328,0.8933463469147682,0.0040965746,44653
22740000,0.003178571,293.16,0.027990002,46.22015358515084,3134.4841537475586,1.9293772,11.623696,227400,0.14022847,758,7481,0.4641265869140625,-7.067041e-05,47189
22770000,0.0075546606,300.0,0.09319,47.600455228835344,3138.5004739761353,1.9251659,1.1327894,227700,0.15866818,759,7318,0.9219634458422661,0.0014021412,46680
22800000,0.03482165,297.94,0.29785666,46.42372773446143,3142.6061720848083,1.9181855,17.583664,228000,0.13051583,760,7383,0.5280016958713531,0.008088285,47026
22830000,0.005102318,299.51,0.05615,50.6346698538959,3146.675630569458,1.914582,4.2671843,228300,0.16397813,761,7384,0.7494162321090698,0.001581645,46762
22860000,0.009096118,295.99,0.11799667,49.3752711930871,3150.7573523521423,1.9123096,16.303732,228600,0.1394101,762,7427,0.6093023121356964,0.0011200244,47095
22890000,0.015827272,295.39,0.17054334,47.37958211690187,3154.802707672119,1.9104455,14.381411,228900,0.13799626,763,7350,0.5289078950881958,0.0013787128,46784
22920000,0.009479003,294.82,0.119756676,46.659980156570676,3158.890702009201,1.9086978,6.38349,229200,0.14453112,764,7348,0.6142492294311523,-0.0010229589,44000
22950000,0.012473784,299.24,0.14785334,44.102143490985036,3162.9788131713867,1.9066315,4.4921465,229500,0.14227061,765,7404,0.7613750994205475,-8.279737e-06,46449
22980000,0.009439275,298.8,0.12755665,48.92206500686705,3167.035919904709,1.9037616,9.808008,229800,0.14843881,766,7460,0.6330470442771912,-0.0007823418,44511
23010000,0.0062714764,299.17,0.074703336,50.68528924293816,3171.063823699951,1.9000187,7.3141427,230100,0.15916504,767,7432,0.6001688838005066,-0.00014081884,43924
23040000,0.006103293,298.28,0.070303336,52.320740526989105,3175.1188385486603,1.8946867,1.8025093,230400,0.17141604,768,7481,0.7664148956537247,-0.0014447162,46701
23070000,0.006842237,299.43,0.076973334,52.12024237215519,3179.1478674411774,1.8864596,6.915732,230700,0.16379672,769,7469,0.6639850735664368,0.0013611781,45623
23100000,0.0070101633,298.04,0.084539995,48.00286614894867,3183.170191049576,1.8816912,7.4966865,231000,0.15060648,770,7411,0.6920700967311859,5.869479e-05,45809
23130000,0.0058278153,296.91,0.06382,50.34808378055692,3187.224718809128,1.8783977,11.080923,231300,0.15359046,771,7348,0.5973621010780334,0.0007165965,43909
23160000,0.011262772,299.34,0.15307334,50.88366746641695,3191.314802646637,1.8760391,7.268219,231600,0.15978974,772,7771,0.5996169745922089,0.0014864221,46785
23190000,0.005258868,298.86,0.05804667,50.38264661073685,3195.1820089817047,1.8735571,8.062124,231900,0.15841503,773,7468,0.6216412782669067,-0.00023154743,44863
23220000,0.0052933213,295.09,0.057100005,51.10862959213555,3199.2053673267365,1.8694195,16.86321,232200,0.1458759,774,7319,0.5623728632926941,0.00037881522,45144
23250000,0.004013211,297.85,0.040629998,48.404724257439376,3203.310153722763,1.8664267,7.590169,232500,0.15146029,775,7188,0.697283148765564,0.00092333666,46934
23280000,0.0034412225,298.31,0.030813333,50.08277873598039,3207.48970413208,1.8636738,13.781802,232800,0.14755042,776,7387,0.4835580587387085,-0.0029757102,45124
23310000,0.011584228,297.69,0.14083335,52.785580570101736,3211.557166337967,1.8602924,2.2004948,233100,0.17281759,777,6817,0.7563695162534714,0.002280856,26019
23340000,0.024879616,299.03,0.27793667,55.170887608751656,3215.9774169921875,1.8559383,7.7290754,233400,0.17429693,778,7277,0.5612897872924805,0.0066050114,48427
23370000,0.025135536,298.03,0.23102668,50.44849031113088,3220.1195991039276,1.8532484,4.5486236,233700,0.16334523,779,7366,0.7266331613063812,0.0065664016,46700
23400000,0.027958903,297.51,0.28328332,52.92430147022009,3224.1988513469696,1.8508304,7.6822877,234000,0.1670783,780,7477,0.6672177910804749,0.0071632145,46968
23430000,0.0128675625,298.67,0.16253334,48.68542342543602,3228.217374563217,1.8492329,7.8295717,234300,0.15266147,781,7377,0.574935644865036,0.0013527654,46231
23460000,0.009671324,298.1,0.12043668,43.80147547475994,3232.2904014587402,1.8476198,7.687005,234600,0.13657255,782,7450,0.7392618954181671,0.00028158477,47517
23490000,0.00891733,299.74,0.11132667,50.50317733451724,3236.3232831954956,1.8459641,3.998736,234900,0.16336595,783,7216,0.8021632134914398,0.00013766714,45842
23520000,0.0036758422,295.82,0.035749998,49.52204614154994,3240.4863271713257,1.8438168,10.791066,235200,0.1507575,784,6928,0.6032511293888092,-0.0008968351,35450
23550000,0.005822276,299.26,0.06825,52.172351555898786,3244.82274889946,1.8407452,4.101551,235500,0.16930094,785,7453,0.6654149889945984,-0.000449964,48237
23580000,0.012373775,299.54,0.15943334,52.047886385470626,3248.8532481193542,1.83724,4.487211,235800,0.1686997,786,7370,0.784090593457222,0.0026710771,43542
23610000,0.008603974,293.13,0.10861333,47.49577337346971,3252.9300701618195,1.8342621,18.48691,236100,0.12735838,787,7281,0.6342859268188477,0.0006106248,47253
23640000,0.00842915,299.45,0.09765,51.11202929325402,3257.056482076645,1.8320935,7.176941,236400,0.16044769,788,7240,0.6534289717674255,0.0022636629,46577
23670000,0.0072297705,294.09,0.08902,49.54560493454337,3261.205694913864,1.8305061,16.60925,236700,0.13958386,789,7493,0.6155434250831604,-0.0012014457,47015
23700000,0.007399924,299.52,0.09109,48.48734437718988,3265.2150359153748,1.828468,4.5783815,237000,0.15679064,790,7381,0.7384267449378967,-0.0002605252,46556
23730000,0.006816699,297.93,0.08630666,47.223550999760626,3269.285960674286,1.8258686,4.6666203,237300,0.15255596,791,7402,0.7999915033578873,-0.00027283846,48232
23760000,0.0024659638,295.44,0.022463333,50.49594125159085,3273.344647884369,1.8238869,13.522339,237600,0.14855218,792,7464,0.595164954662323,-0.0019621016,45734
23790000,0.005669496,299.16,0.06385667,50.876152017563584,3277.369788646698,1.8222834,7.562111,237900,0.15990262,793,7441,0.70378178358078,-0.00031233052,46013
23820000,0.0055017867,295.29,0.06411667,49.16757859118283,3281.4072947502136,1.8187727,17.675457,238200,0.13982497,794,7348,0.6120512187480927,-0.00035127104,45683
23850000,0.00474983,300.0,0.050796665,53.00036618962884,3285.4962368011475,1.8144213,1.1708448,238500,0.1766679,795,7189,0.8840858042240143,-0.00020679281,46502
23880000,0.0047484715,296.77,0.045096666,54.46162375114858,3289.6753022670746,1.8064549,13.492197,238800,0.16180678,796,7409,0.5694341361522675,-0.0005819209,46716
23910000,0.0033665826,296.73,0.02956,50.05170194834471,3293.731328010559,1.8013237,7.730571,239100,0.15737443,797,7403,0.6948559880256653,-0.0016191282,48483
23940000,0.00552358,299.18,0.061543334,53.024307046532634,3297.7897131443024,1.7983602,6.9785414,239400,0.16709147,798,7227,0.685792475938797,0.0013389647,46181
23970000,0.009062119,299.72,0.11582999,52.44643321335316,3301.9476816654205,1.7955494,4.061152,239700,0.16985966,799,7492,0.7914293110370636,0.0013116731,46514
24000000,0.0052933623,299.16,0.06262334,52.81322945527732,3305.9576303958893,1.792291,7.4350843,240000,0.16637574,800,7328,0.6856965720653534,-0.00053783366,46152
24030000,0.0068474477,299.61,0.08196,50.59369176104665,3310.070171356201,1.7890224,6.7389207,240300,0.15864585,801,7077,0.74115851521492,-0.00096688216,39920
24060000,0.008159876,299.59,0.09925667,51.844124629721044,3314.3168601989746,1.7848558,4.175612,240600,0.16798939,802,7423,0.829791471362114,0.0010838519,44772
24090000,0.004871865,300.0,0.05395333,54.87378662094474,3318.3642449378967,1.7795271,1.2673817,240900,0.18291263,803,7426,0.9004262760281563,-8.105894e-06,47086
24120000,0.0036710612,299.55,0.03681333,54.08311507731676,3322.409632921219,1.774517,4.239764,241200,0.17544818,804,7200,0.7152056396007538,-7.032177e-05,45244
24150000,0.0046984092,297.68,0.05006667,53.74720301322639,3326.5823595523834,1.7713706,12.914853,241500,0.15981486,805,7413,0.6324406266212463,-0.00076884974,45939
24180000,0.009409452,291.56,0.10334001,54.60199892193079,3330.6355979442596,1.7692932,28.295155,241800,0.1400447,806,7385,0.4642338752746582,0.004255888,45022
24210000,0.0081188865,298.7,0.09707667,52.423097817599775,3334.7043561935425,1.767717,7.6927123,242100,0.16516678,807,7276,0.6701886057853699,0.0022676853,46499
24240000,0.00593812,298.32,0.062643334,53.676877852603795,3338.832783460617,1.7667322,8.094015,242400,0.16945711,808,7290,0.6909308135509491,-8.799543e-06,44844
24270000,0.007071058,296.77,0.088190004,53.16155845791101,3342.95405459404,1.765633,7.9167852,242700,0.1669628,809,7372,0.623415470123291,-0.0005303033,44767
24300000,0.0038270354,298.26,0.04,51.4667085006088,3347.0300965309143,1.7646925,10.304705,243000,0.15710847,810,7246,0.6506280601024628,0.0001512114,43865
24330000,0.004954802,298.23,0.050846666,50.013579193502665,3351.176733970642,1.7639459,10.752822,243300,0.15256566,811,7369,0.7217478156089783,0.00022951784,47121
24360000,0.004840327,294.67,0.055366665,52.01432105451822,3355.254159450531,1.7631874,16.711376,243600,0.1458749,812,7378,0.5797588527202606,-0.0009544158,45106
24390000,0.0069219684,296.98,0.08558,49.78231788791716,3359.3264338970184,1.7623549,7.94811,243900,0.15663347,813,7418,0.6591509878635406,-3.115841e-05,44724
24420000,0.007755661,297.95,0.09767334,50.079969225302335,3363.3769657611847,1.7611253,4.614205,244200,0.16220015,814,7498,0.8030125200748444,0.0003219805,46687
24450000,0.013309771,297.65,0.15633667,51.016559130102394,3367.383563041687,1.7594103,7.526919,244500,0.16003902,815,7452,0.77373306453228,0.0031467988,46048
24480000,0.017818438,299.13,0.20217332,50.59275243759155,3371.4159927368164,1.7579191,7.258857,244800,0.15878984,816,7274,0.7352442443370819,0.004135637,44545
24510000,0.02597917,299.54,0.23360667,50.467763007953764,3375.5465171337128,1.7563967,4.1833,245100,0.16336907,817,7395,0.8135855197906494,0.0056130076,46961
24540000,0.017674183,296.76,0.21779999,52.011509942337874,3379.609182357788,1.7540333,7.6411543,245400,0.16346218,818,7353,0.7091993391513824,0.004738948,44215
24570000,0.007858077,296.69,0.09998668,55.09425849042833,3383.695455312729,1.7519963,15.348447,245700,0.15868299,819,7247,0.5771885812282562,0.0010694813,46314
24600000,0.005571637,296.26,0.06939,52.72341157823801,3387.842062473297,1.7510744,8.969684,246000,0.16283065,820,7295,0.7127472758293152,0.0002599861,35970
24630000,0.0043824106,298.14,0.039623335,53.46430470563471,3391.960118532181,1.7496674,15.884755,246300,0.15371276,821,7491,0.5479093492031097,-0.0011210258,46195
24660000,0.0047333348,299.01,0.052826665,55.98298927523196,3395.970943212509,1.7469705,4.341018,246600,0.18168819,822,7571,0.674749106168747,0.00016482502,47074
24690000,0.009439305,296.75,0.11900334,48.2143925139308,3399.9516291618347,1.7437165,7.8890686,246900,0.15125944,823,7287,0.7024867534637451,0.00077600934,47381
24720000,0.008883861,296.75,0.11107334,51.651845693662764,3404.074626684189,1.741333,7.739891,247200,0.16256355,824,7218,0.7755610346794128,0.00030085217,45838
24750000,0.007986499,300.0,0.09263333,52.07193976894021,3408.236340522766,1.7390978,1.488183,247500,0.17357312,825,7301,0.935924656689167,0.0034145594,43370
24780000,0.018489603,299.05,0.21370001,48.19269248478115,3412.351501226425,1.7365173,7.512572,247800,0.15099692,826,7410,0.7266428768634796,0.0040436597,45147
24810000,0.040985532,298.86,0.34688336,47.2310331094265,3416.405380964279,1.7346636,9.411347,248100,0.14279021,827,7387,0.6104647219181061,0.010308399,46628
24840000,0.030458972,298.61,0.2588433,35.823301809951666,3420.4726090431213,1.7336941,9.77483,248400,0.104870886,828,7371,0.7292340695858002,0.004348269,45510
24870000,0.010991847,294.2,0.14514,33.06644612871111,3424.548996448517,1.7328835,15.822493,248700,0.08780631,829,7459,0.673076868057251,0.0003241423,45860
24900000,0.013147892,297.58,0.14932667,43.359627344235776,3428.576368331909,1.7322378,10.480136,249000,0.13013336,830,7349,0.6175943613052368,0.0003567541,44944
24930000,0.005668792,300.0,0.068383336,39.79844779632985,3432.664095401764,1.7312593,1.5977701,249300,0.13266149,831,7143,0.9288789480924606,-0.002425161,45373
24960000,0.02665689,300.0,0.28134668,47.94054837353528,3436.869570493698,1.7298304,1.3882627,249600,0.15980183,832,7309,0.9044150039553642,0.017860387,47968
24990000,0.035503153,299.52,0.33304667,61.75840726532042,3440.9797103405,1.7282568,4.4813538,249900,0.2010539,833,7387,0.719895988702774,0.014498766,46090
25020000,0.013010204,294.36,0.16181,54.68699862137437,3445.0590608119965,1.7270317,20.688465,250200,0.15006071,834,7444,0.6308257579803467,0.0027366523,46908
25050000,0.0047271317,290.98,0.05173,54.43648809343576,3449.0948944091797,1.7261604,15.364217,250500,0.15616395,835,7353,0.6430489420890808,0.0007524006,45068
25080000,0.006264211,300.0,0.0746,52.59394459545612,3453.181576013565,1.7247553,1.9426706,250800,0.17531314,836,7385,0.9042759835720062,0.00033780545,45250
25110000,0.007610881,300.0,0.09528667,54.72136825762689,3457.2501306533813,1.7215044,1.5989901,251100,0.18240458,837,7394,0.9286334440112114,0.00033642596,46757
25140000,0.005237903,296.09,0.05663667,50.623771176859734,3461.313039302826,1.7177155,7.4858985,251400,0.15816344,838,7299,0.8048694878816605,-0.00036178005,46702
25170000,0.0070559606,296.45,0.08206,54.761069805026054,3465.4294188022614,1.7150377,7.905314,251700,0.17269172,839,7299,0.7545072436332703,0.00094376376,46118
25200000,0.0053510596,294.75,0.059243333,55.45342653371394,3469.5452308654785,1.7130382,13.607205,252000,0.16488867,840,7340,0.661184161901474,-0.00024694984,45885
25230000,0.0052698394,297.05,0.06435333,48.77170530878007,3473.638839483261,1.711338,4.651971,252300,0.15421368,841,7432,0.8377646654844284,-0.0011864436,46314
25260000,0.0061294334,299.7,0.07583667,55.05772396817803,3477.6818873882294,1.7091831,4.447737,252600,0.17859085,842,7464,0.8075608313083649,0.00034860027,45441
25290000,0.0046098814,298.85,0.05002333,55.98551539942622,3481.7071521282196,1.7071016,7.403427,252900,0.17708519,843,7403,0.7666312754154205,0.0014908189,45252
25320000,0.009551186,297.92,0.11102333,55.07005873434245,3485.7653732299805,1.7054117,16.184145,253200,0.15905204,844,7217,0.6320054829120636,0.0024198478,44457
25350000,0.0062564737,298.31,0.07203,53.659710940793154,3489.9282422065735,1.7032722,7.4506044,253500,0.1689992,845,7277,0.7378067672252655,0.0018817069,45144
25380000,0.004840034,293.17,0.052396666,50.555629067569974,3494.0570974349976,1.7002884,20.05761,253800,0.13955101,846,7324,0.6189407110214233,-0.00040195975,45470
25410000,0.0073334775,293.58,0.08771,52.80065647274256,3498.159450531006,1.6984619,25.610859,254100,0.13582864,847,7272,0.5805432200431824,0.002783082,45958
25440000,0.0038765757,298.58,0.04363333,49.725748777464034,3502.290971517563,1.6978441,7.299093,254400,0.15606725,848,7384,0.7474591135978699,-0.00054492423,45806
25470000,0.016771663,296.83,0.19398333,52.53190213300288,3506.35973072052,1.6967456,10.429757,254700,0.1607061,849,7322,0.6981672048568726,0.0032960773,46458
25500000,0.0029001762,297.46,0.027706668,47.092915854379534,3510.4642362594604,1.6959126,15.991028,255000,0.13251325,850,7761,0.5832837820053101,-0.0018971472,45297
25530000,0.006284423,296.87,0.07948333,50.521913977339864,3514.336090326309,1.6952031,13.3775,255300,0.14916514,851,7296,0.6514422595500946,-0.00152881,41283
25560000,0.0032097008,294.41,0.028153334,48.62626980103553,3518.454396009445,1.6938837,22.356083,255600,0.1276902,852,7431,0.606791079044342,0.00010053051,47034
25590000,0.002573005,295.55,0.020936668,53.22384069308639,3522.497317314148,1.6930096,13.791437,255900,0.15835196,853,7409,0.6319141387939453,-0.00015706083,45569
25620000,0.0037373353,299.02,0.020463333,55.509608419835565,3526.552485704422,1.6923048,6.975217,256200,0.17539221,854,7467,0.718254804611206,-0.0015506165,47088
25650000,0.0029664598,298.39,0.029106667,51.766135789603,3530.576662540436,1.6910311,7.6122375,256500,0.16298555,855,7227,0.7435305118560791,-0.00076269894,45361
25680000,0.0029058598,292.91,0.03004,51.029683421179655,3534.734519958496,1.6895158,13.009283,256800,0.14731003,856,7365,0.7146756052970886,-0.00041622663,46750
25710000,0.0027764826,299.58,0.025103334,50.07931048035621,3538.813541173935,1.6882913,4.806927,257100,0.1621132,857,7454,0.8539305776357651,-0.0014096936,45294
25740000,0.0032906164,300.0,0.0273,51.53227032333612,3542.8438391685486,1.6865885,1.781851,257400,0.17177424,858,7411,0.9078558683395386,-0.0011518918,46530
25770000,0.0045410637,296.8,0.048403334,52.947593661472204,3546.8973116874695,1.6840814,8.8873205,257700,0.16352256,859,7331,0.7515939772129059,0.00030360516,45204
25800000,0.0066430187,297.39,0.07668,53.15321231693029,3550.994977235794,1.6822125,13.824144,258000,0.1578431,860,7281,0.6208825707435608,-0.00063807063,46103
25830000,0.0092131905,299.47,0.09709667,51.098802195489405,3555.12171626091,1.6806552,4.559962,258300,0.16551316,861,7343,0.8597313612699509,0.0025384459,44188
25860000,0.0066389153,296.1,0.082943335,43.80928081788122,3559.2126660346985,1.6794688,10.439737,258600,0.12856282,862,7422,0.7890277653932571,0.0010675926,46816
25890000,0.004853547,297.54,0.0559,51.025617966577414,3563.2610700130463,1.6787059,13.152763,258900,0.15089786,863,7341,0.666473388671875,-0.00040988284,46068
25920000,0.003873054,296.08,0.032256667,49.042504213675855,3567.353333234787,1.6776454,5.0973387,259200,0.15551718,864,7547,0.8698526471853256,-0.0016376231,44168
25950000,0.006230599,296.43,0.07644334,49.888578975126144,3571.3342850208282,1.6751989,7.4878106,259500,0.15582322,865,7443,0.7763501405715942,3.5929377e-05,46404
25980000,0.0027907006,299.19,0.022593334,52.07725787863135,3575.370428085327,1.6727488,7.442144,259800,0.1637056,866,7373,0.7847108840942383,-0.00029041068,45544
26010000,0.004271989,295.81,0.05399667,52.43135666683316,3579.4459130764008,1.6711826,14.69179,260100,0.15489314,867,7222,0.6182938516139984,-0.00033103765,44800
26040000,0.0036482587,298.32,0.03645,50.71983113221824,3583.6061923503876,1.6700537,4.5984383,260400,0.16426575,868,7280,0.836413785815239,-0.000114121496,44825
26070000,0.0053006075,299.54,0.06655334,54.43639080271125,3587.7330327033997,1.6682293,4.3300714,260700,0.17651004,869,7393,0.7890627831220627,-0.00017285584,45722
26100000,0.020873364,297.02,0.17427,52.177402721270916,3591.796562433243,1.666042,8.063127,261000,0.16372399,870,7289,0.7607126384973526,0.008162509,43637
26130000,0.0057153306,295.38,0.056666665,53.370741924718025,3595.9179916381836,1.6645129,7.7626443,261300,0.1651511,871,7332,0.793805867433548,0.00044477405,46765
26160000,0.005092149,297.53,0.06221333,51.9940018452704,3600.0152349472046,1.6628288,2.5815089,261600,0.17017801,872,7385,0.9273753762245178,-0.00024377629,45545
26190000,0.005625749,299.54,0.05630667,52.493312075436116,3604.0834884643555,1.6601393,4.7125096,261900,0.1701524,873,7300,0.8482387065887451,0.0009101623,45928
26220000,0.0049763396,300.0,0.058593333,53.20246766142547,3608.1990144252777,1.657027,1.4691614,262200,0.17734157,874,7337,0.9333583787083626,0.00019544414,47485
26250000,0.017461348,295.42,0.22183001,54.53105934306979,3612.2933757305145,1.65245,13.626274,262500,0.16200247,875,7565,0.6742960214614868,0.002833374,47162
26280000,0.0072563128,299.81,0.08890333,53.93017581306398,3616.264913082123,1.6488644,3.949161,262800,0.1747462,876,7291,0.8290053904056549,0.0013128419,45697
26310000,0.0061254688,296.68,0.073143326,54.826093454435465,3620.3855233192444,1.6460416,7.9288673,263100,0.17337714,877,7302,0.7451153993606567,0.000553599,44438
26340000,0.004391446,294.96,0.04414,55.78627336852252,3624.499662876129,1.6435544,5.133906,263400,0.17757818,878,7398,0.8301381915807724,0.001625726,47609
26370000,0.007422476,299.82,0.087853335,56.48104409351945,3628.5612404346466,1.6396596,4.243299,263700,0.18326667,879,7289,0.8326701074838638,0.0021347706,47580
26400000,0.0038694132,299.58,0.03878,57.00936876006424,3632.6827940940857,1.6359339,4.673627,264000,0.18514788,880,7331,0.7988972216844559,0.0005153941,45254
26430000,0.011043081,296.6,0.13957001,56.41387244746089,3636.781205177307,1.630628,17.846523,264300,0.16383229,881,7165,0.5246042013168335,0.0027736786,45476
26460000,0.0069667445,298.21,0.08349667,53.80904673241079,3640.9750146865845,1.6264775,7.945676,264600,0.17006265,882,7333,0.6394157707691193,-0.00031232514,47226
26490000,0.0062473817,293.72,0.068116665,57.44789120130241,3645.072410583496,1.6231527,11.734687,264900,0.17357191,883,7607,0.6687816083431244,-0.00026495257,46139
26520000,0.0023985836,291.21,0.01873,56.01613425418734,3649.0225291252136,1.6205858,8.799583,265200,0.17022897,884,7365,0.7675268203020096,6.429892e-05,46009
26550000,0.0034868228,296.17,0.03216,55.51140348531306,3653.102560043335,1.6180608,8.86535,265500,0.1720438,885,7298,0.7568035572767258,-0.00026493185,46735
26580000,0.0063472763,299.33,0.07133667,55.715122395455836,3657.219095468521,1.6155398,8.287176,265800,0.17589977,886,7357,0.7660383731126785,0.00061973126,45156
26610000,0.008344003,295.53,0.10577667,51.90543342866003,3661.3023960590363,1.6129049,7.7589736,266100,0.1632139,887,7307,0.758309468626976,-0.00022947448,46244
26640000,0.010452243,297.92,0.13757999,58.45721768029034,3665.413649082184,1.6107559,12.835338,266400,0.18057103,888,7325,0.5605227947235107,0.002165389,44649
26670000,0.009169375,294.86,0.11649333,56.53512452453375,3669.5170941352844,1.6085657,14.548452,266700,0.16603385,889,7508,0.6962981522083282,0.0023347845,45502
26700000,0.0073655406,298.2,0.09122334,56.46103111408651,3673.5185775756836,1.606292,4.724935,267000,0.18315917,890,7505,0.8478533625602722,0.0019126397,45074
26730000,0.004284714,299.77,0.04944333,55.08622066833079,3677.5220878124237,1.6044441,3.9627624,267300,0.17862296,891,7325,0.8260976523160934,-0.0007857181,46780
26760000,0.004634985,295.57,0.052816667,55.43313316047192,3681.6235415935516,1.6028907,13.794136,267600,0.16231301,892,7472,0.6580601334571838,-0.00034033673,46437
26790000,0.007476396,300.0,0.09858333,58.536402337178586,3685.644821882248,1.6002254,1.3860159,267900,0.19512135,893,7272,0.9210460558533669,0.0012028711,47003
26820000,0.0069687553,296.44,0.08654,56.6779604126513,3689.776290178299,1.5940404,7.8686304,268200,0.17839451,894,7240,0.7174708843231201,-0.0031931747,45743
26850000,0.0048828856,294.79,0.057736672,55.68828564852476,3693.9260926246643,1.5887868,16.65989,268500,0.16305593,895,7375,0.6752817630767822,0.00023384466,43904
26880000,0.0062907524,295.45,0.07974334,57.092218175455926,3697.9995214939117,1.5858046,23.332787,268800,0.15635303,896,7139,0.586103230714798,0.0027189015,45722
26910000,0.0030027472,294.04,0.026840001,58.86882637046278,3702.208005666733,1.5841496,20.815289,269100,0.1639178,897,7293,0.635298877954483,0.00092024275,45745
26940000,0.0045144814,295.69,0.045659997,55.96087476469577,3706.3275892734528,1.5825589,7.9103026,269400,0.17378412,898,7314,0.7819392830133438,-0.0011192845,46250
26970000,0.0045983326,295.08,0.050786667,56.964583960324525,3710.434725522995,1.5799118,7.9846725,269700,0.17720434,899,7280,0.7918404191732407,-0.0010954255,45401
27000000,0.0040525133,298.57,0.03896,59.176017407998444,3714.561483860016,1.5777191,10.637303,270000,0.1828274,900,7360,0.6780389249324799,0.00022248147,46855
27030000,0.008429449,296.63,0.10017667,54.84827600300312,3718.656622171402,1.5754621,11.279502,270300,0.16818196,901,7197,0.6843460202217102,0.0020397766,39964
27060000,0.005957184,299.23,0.06673667,56.10324879236519,3722.8311021327972,1.5735996,7.3721976,270600,0.17726909,902,7235,0.7872309982776642,0.0028145532,44032
27090000,0.0055564223,294.47,0.062693335,60.94948143579066,3726.983567714691,1.5719448,8.954723,270900,0.18692262,903,7337,0.7152568995952606,0.0009847613,45629
27120000,0.004817048,297.22,0.04506,54.15588772140443,3731.078890323639,1.5705788,7.603347,271200,0.1701057,904,7433,0.8246037513017654,0.0025953045,47565
27150000,0.010890785,296.26,0.13491666,58.593191458359364,3735.121034860611,1.569145,19.644588,271500,0.16629882,905,7269,0.5982767939567566,0.004200771,40754
27180000,0.012524776,297.73,0.15399334,56.98258591450751,3739.2542774677277,1.5680034,8.39341,271800,0.17982142,906,7224,0.6799288392066956,0.002488585,45538
27210000,0.010497232,297.85,0.13164668,58.950033512860536,3743.4126658439636,1.5668595,12.875964,272100,0.1770723,907,7307,0.6869620680809021,0.0047641313,45632
27240000,0.0038201516,300.0,0.032753333,58.18541123904288,3747.5239582061768,1.5657212,2.0296688,272400,0.19395137,908,7245,0.9088779762387276,0.0024269181,46292
27270000,0.0055646226,296.68,0.06296,58.620551853626964,3751.670141220093,1.5642191,19.481642,272700,0.16624919,909,7235,0.5729570090770721,4.8827926e-05,46664
27300000,0.0071226717,297.3,0.08467667,56.3664426664263,3755.8233971595764,1.561563,5.5617156,273000,0.18007623,910,7326,0.8044462502002716,-0.0007548839,46990
27330000,0.0051352396,298.08,0.0519,56.948592236414555,3759.923883676529,1.5558859,11.531694,273300,0.17531869,911,7346,0.6811109483242035,0.0006289063,46483
27360000,0.006309467,290.62,0.079443336,56.40912590421736,3764.013655424118,1.5524007,22.8543,273600,0.15263858,912,7336,0.6336624920368195,-0.0012005556,45272
27390000,0.0035195663,291.41,0.030860001,57.171842561215165,3768.10950922966,1.5506583,17.73037,273900,0.16033268,913,7393,0.7051814496517181,0.001871625,45734
27420000,0.005905145,298.19,0.06778,56.258692547380925,3772.173493385315,1.5491085,13.075075,274200,0.16771106,914,7331,0.7180574834346771,0.0021735497,46966
27450000,0.0053313314,297.75,0.05833,57.65864098198712,3776.2721190452576,1.5474222,6.9983263,274500,0.18235035,915,7418,0.7715978175401688,0.0015952016,46543
27480000,0.0061684144,298.07,0.06899666,59.516731412038204,3780.32301568985,1.5446197,9.680433,274800,0.18365896,916,7307,0.6999101042747498,0.0015772693,45087
27510000,0.008894571,298.59,0.10543666,56.312509585917,3784.434660434723,1.5416104,9.85598,275100,0.17318083,917,7404,0.7634545415639877,0.0022140862,45776
27540000,0.013258791,295.75,0.16199666,59.53633530944586,3788.492999315262,1.5388734,5.3132157,275400,0.19043985,918,7135,0.819541722536087,0.0036667008,45397
27570000,0.0058288276,299.13,0.06305666,56.74144979290664,3792.703279018402,1.5366105,7.594252,275700,0.17940216,919,7309,0.7758897542953491,-2.1563039e-05,45391
27600000,0.003139963,293.7,0.028756667,58.64412778802216,3796.813826084137,1.5350653,15.491943,276000,0.1725625,920,7335,0.6606252491474152,0.00015689744,47908
27630000,0.0022515485,298.31,0.019109998,62.32323870353401,3800.9095644950867,1.5339714,4.5747995,276300,0.20249826,921,7364,0.7874749600887299,0.0009414682,46025
27660000,0.006120223,296.54,0.07101666,59.16660264104605,3805.0018520355225,1.532,14.796928,276600,0.17291306,922,7289,0.6820686161518097,-0.00080947066,47217
27690000,0.0037827883,293.51,0.035749998,57.707587702274324,3809.1236996650696,1.5299927,14.491613,276900,0.16953515,923,7509,0.6678628325462341,0.00022160127,48286
27720000,0.0033625816,295.99,0.031766668,59.666194125413895,3813.1246795654297,1.5281941,13.686948,277200,0.17962195,924,7540,0.7109021842479706,-0.00013081162,46639
27750000,0.0026169496,294.01,0.017900001,57.335496087893844,3817.1093780994415,1.5264298,20.957209,277500,0.15898281,925,7407,0.6245399117469788,0.00019462181,45479
27780000,0.006829909,292.92,0.07613,57.50533217459917,3821.165122270584,1.5248182,10.9104395,277800,0.17290738,926,7285,0.7285274565219879,0.00244049,44845
27810000,0.0072436444,298.5,0.09337666,50.3789502428472,3825.289281129837,1.5227782,7.682579,278100,0.15815765,927,7295,0.8012554496526718,-0.0007700662,44419
27840000,0.0030937302,297.76,0.034943335,57.10688289538026,3829.406818151474,1.5215299,13.265402,278400,0.17117172,928,7339,0.7145208716392517,-0.00032006475,45246
27870000,0.006137793,293.8,0.054586668,61.58422275863588,3833.5009441375732,1.520792,14.495084,278700,0.18032053,929,7248,0.7353252470493317,0.0037677742,44513
27900000,0.0020925137,294.35,0.015336667,58.715023564472794,3837.6453833580017,1.5198282,11.490778,279000,0.17822838,930,7281,0.7128517031669617,-5.86387e-05,46385
27930000,0.004916289,292.7,0.055443335,57.648243964985014,3841.7714908123016,1.5188776,18.2664,279300,0.16484384,931,7265,0.6619337201118469,-0.000541335,46153
27960000,0.008455035,294.01,0.098126665,54.89833986751735,3845.9070048332214,1.5181342,21.86753,279600,0.1479257,932,7368,0.679804116487503,0.00072765036,45059
27990000,0.0026973602,294.97,0.025443334,59.85507603727281,3849.985377073288,1.5175412,13.788553,279900,0.176839,933,7396,0.6887806951999664,-0.0009653134,46009
28020000,0.011341351,295.28,0.14369,58.99028768211603,3854.047725200653,1.5169123,7.9330797,280200,0.18386649,934,7203,0.7644782662391663,0.0025832725,44801
28050000,0.00813195,299.28,0.10275333,47.477194073423746,3858.2186636924744,1.5160614,7.1813,280500,0.1482922,935,7359,0.7854936569929123,0.0006515286,46797
28080000,0.011692409,297.48,0.13502666,46.89717824190855,3862.3017857074738,1.5149055,5.260185,280800,0.14825399,936,7319,0.7748650312423706,0.00039751097,46368
28110000,0.012508045,294.69,0.16411333,55.62387512899935,3866.406434774399,1.5139667,14.017224,281100,0.16301045,937,7324,0.6618985533714294,0.0014178756,45848
28140000,0.0095360605,299.44,0.12642667,57.2295303145051,3870.5083405971527,1.5128554,5.272703,281400,0.18606533,938,7291,0.7509104311466217,0.0016362887,45310
28170000,0.01112801,297.46,0.13563333,56.13168745242059,3874.6282398700714,1.5112575,7.4025245,281700,0.17708945,939,7277,0.7481997311115265,0.0010646814,45328
28200000,0.0049849288,293.35,0.05520333,56.24491749122739,3878.756636619568,1.5099254,15.826632,282000,0.16222279,940,7296,0.7576442956924438,0.00048423372,47778
28230000,0.003331621,295.72,0.034473334,59.35744898319244,3882.87490606308,1.5092231,8.902315,282300,0.18418044,941,7165,0.7760490626096725,-3.5318393e-05,44731
28260000,0.0047685634,299.32,0.04065,58.79072301417589,3887.0671627521515,1.5081939,6.8114715,282600,0.1861359,942,7522,0.8113667219877243,0.0018438159,46263
28290000,0.008369078,294.85,0.09876667,59.68561545409262,3891.061937570572,1.50609,14.157964,282900,0.17325512,943,7375,0.7382674813270569,0.000770504,45938
28320000,0.0053989096,295.55,0.06462333,60.19059374406934,3895.1357119083405,1.5041033,5.2168074,283200,0.19202417,944,7208,0.778177484869957,-0.0004247388,45305
28350000,0.005958629,295.2,0.070603326,60.62253185607493,3899.303696870804,1.5016161,11.31874,283500,0.18417428,945,7426,0.7212404310703278,-0.00077277643,44908
28380000,0.011931516,294.03,0.14502333,52.43816076695919,3903.349057197571,1.4988618,19.760504,283800,0.14521536,946,7325,0.709545761346817,0.0029779081,45421
28410000,0.005685047,291.59,0.060850002,57.211296692937616,3907.4511017799377,1.4969711,11.852538,284100,0.17126372,947,7433,0.7559330612421036,-1.5437417e-05,47308
28440000,0.004741658,295.39,0.050880004,59.955613699778915,3911.4935500621796,1.4944894,10.3659935,284400,0.18150075,948,7444,0.7895439118146896,-0.0013266869,46618
28470000,0.008392043,290.16,0.10519,58.862860578745604,3915.5299549102783,1.4922943,21.708824,284700,0.1584622,949,7466,0.6861708164215088,0.0012215374,45277
28500000,0.008808531,293.67,0.11187667,61.90765598423779,3919.553998231888,1.4907061,16.631111,285000,0.17844719,950,7226,0.6832515895366669,0.0013885498,45938
28530000,0.016097967,283.31,0.20179665,58.752802926152945,3923.71115732193,1.4890575,34.711586,285300,0.13157412,951,7517,0.6842102110385895,0.004038349,45634
28560000,0.009693397,287.41,0.11924668,56.13459196209907,3927.708930492401,1.4877307,18.596853,285600,0.15043125,952,7467,0.7583195716142654,0.0016122658,45372
28590000,0.009406467,295.93,0.11514334,56.90235249660909,3931.732812643051,1.4867715,6.860326,285900,0.17964394,953,7285,0.8378832936286926,0.002356692,46818
28620000,0.0066257617,296.93,0.08391,56.74122937791049,3935.857105255127,1.4850476,4.9191914,286200,0.18092534,954,7447,0.8746588230133057,-0.0010095881,45492
28650000,0.008149488,296.84,0.103369996,60.42916639193893,3939.892525911331,1.4822583,5.047548,286500,0.19322173,955,7019,0.8597875982522964,0.000833335,44874
28680000,0.00994833,287.75,0.11298332,54.3891844201833,3944.1724791526794,1.4801365,14.499509,286800,0.15204056,956,7453,0.777493417263031,0.0012721242,46905
28710000,0.003827808,299.16,0.03653667,59.67748796649277,3948.204516172409,1.4787083,7.1862345,287100,0.18922275,957,7374,0.7872423678636551,-0.000721693,45921
28740000,0.004451841,298.0,0.044133335,60.12966824933886,3952.2787008285522,1.4765155,10.920797,287400,0.18609548,958,7314,0.7451003193855286,0.0035369457,45932
28770000,0.008947942,289.07,0.10506,59.19728544212878,3956.386034011841,1.4749881,22.561108,287700,0.15639657,959,7234,0.7052889168262482,0.0012890162,45332
28800000,0.0060659475,299.0,0.06875333,55.745742016509176,3960.539808034897,1.4735353,7.2899656,288000,0.17564802,960,7301,0.8230628967285156,0.0022655975,45924
28830000,0.0032605517,298.67,0.024969999,57.54722403347492,3964.6550574302673,1.471677,11.082161,288300,0.17730674,961,7392,0.7497417628765106,0.0005542857,44850
28860000,0.0034492326,296.88,0.029066667,57.93022279150784,3968.7195575237274,1.4699945,10.848329,288600,0.17785771,962,7324,0.7792390733957291,0.000782159,44666
28890000,0.002586372,295.84,0.02215,58.0590025434643,3972.8214395046234,1.4683964,11.982668,288900,0.17578168,963,7512,0.7565722316503525,0.001116975,46883
28920000,0.003946774,293.83,0.043473333,57.97990514755249,3976.821513414383,1.4673222,14.570818,289200,0.16749655,964,7408,0.739060789346695,0.00021601803,44962
28950000,0.0042334627,299.09,0.040703334,60.635766095221044,3980.8776290416718,1.4660091,4.4073257,289500,0.19706534,965,7351,0.8660554140806198,0.0011712107,45432
28980000,0.008314572,294.51,0.10115667,58.25924356281757,3984.9646859169006,1.4629681,10.144391,289800,0.17581597,966,7450,0.7833887785673141,0.0016806666,46676
29010000,0.0025080391,291.08,0.022763332,58.21084610126913,3988.99728679657,1.4608321,8.634249,290100,0.17465608,967,7536,0.85694719851017,0.0006332208,46621
29040000,0.005267951,298.04,0.057166666,62.176485066711905,3992.983866930008,1.4595149,7.8741164,290400,0.19715245,968,7403,0.7637993842363358,0.0017995829,44867
29070000,0.013449101,297.94,0.13363667,59.24314523175359,3997.0422871112823,1.4583023,9.744463,290700,0.18276688,969,7468,0.784233033657074,0.008243826,46174
29100000,0.0069833854,294.34,0.08314,52.95985831849277,4001.065980195999,1.4575691,14.430252,291000,0.15364902,970,7414,0.7232533097267151,0.0009541123,46302
29130000,0.0023478207,293.77,0.017199999,60.31058695919812,4005.119389295578,1.4571202,14.318212,291300,0.17780645,971,7431,0.6980116963386536,0.00023625167,45614
29160000,0.0042205197,296.46,0.042316668,54.54182442516088,4009.1637296676636,1.4565105,12.514303,291600,0.1614849,972,7406,0.7888680398464203,-0.0009896586,44937
29190000,0.0038428693,292.08,0.036480002,59.696721759140495,4013.22008728981,1.4557294,11.251306,291900,0.17765495,973,7263,0.7904252856969833,0.001788787,45685
29220000,0.003910741,299.24,0.039156668,61.649675041586164,4017.3566188812256,1.4545082,8.552282,292200,0.19573359,974,7323,0.7629120349884033,0.00092889677,46023
29250000,0.0067997193,295.11,0.068739995,56.558753636851904,4021.459273338318,1.453284,11.218916,292500,0.17093666,975,7366,0.7756801545619965,-0.0010298888,45849
29280000,0.0025889191,299.43,0.021773333,60.18402952753007,4025.5378482341766,1.4510864,6.8339806,292800,0.19066885,976,7147,0.7882008701562881,-0.00024962943,45567
29310000,0.004624884,297.87,0.040716667,56.72035254463553,4029.740844964981,1.448543,14.000369,293100,0.1698804,977,7365,0.7454271912574768,0.0014352354,46056
29340000,0.0034440993,300.0,0.031683333,60.79468653872609,4033.819997549057,1.4453632,1.7695271,293400,0.20264895,978,7319,0.9252550229430199,-0.0011209527,46917
29370000,0.012523346,296.48,0.13141999,59.86718139313162,4037.924407720566,1.439019,13.099367,293700,0.18045828,979,7320,0.7464282810688019,0.00071739114,45868
29400000,0.010945422,293.25,0.13439332,56.59252072915435,4042.029488325119,1.435293,11.640158,294000,0.16751097,980,7353,0.7891407161951065,0.003852964,46303
29430000,0.010892837,299.62,0.10500666,60.22599010311067,4046.115395307541,1.4335052,5.092082,294300,0.19587338,981,7515,0.8370285928249359,0.0018403325,45887
29460000,0.0060529085,295.8,0.07773666,58.38613252967596,4050.113102197647,1.4324605,9.749373,294600,0.18045767,982,7524,0.7460816502571106,0.0016733406,45238
29490000,0.0055479673,299.48,0.06085667,55.929076483026144,4054.106076002121,1.4315665,5.207857,294900,0.18162882,983,7422,0.8585998862981796,0.00011782015,45192
29520000,0.0057479017,297.32,0.06860667,62.836013999059794,4058.153335571289,1.429939,9.590227,295200,0.19692373,984,7518,0.6908810436725616,0.000374446,45569
29550000,0.00510724,296.52,0.054859996,59.61890515603125,4062.163720846176,1.4283613,15.330668,295500,0.17382093,985,7500,0.7051257789134979,0.00032971994,45656
29580000,0.004085794,300.0,0.045143336,64.0214187027514,4066.170051574707,1.4260287,2.151775,295800,0.21340473,986,7551,0.9107155874371529,0.00014043416,45706
29610000,0.0057842336,295.19,0.06351,61.02377820201218,4070.1619238853455,1.4227387,11.2179,296100,0.18565036,987,7536,0.7415566146373749,0.002002073,46642
29640000,0.009420769,298.63,0.121360004,63.54356256179511,4074.148939371109,1.4198571,7.807943,296400,0.20223244,988,7272,0.6888402700424194,0.001539403,45087
29670000,0.006254797,299.43,0.07127,60.011550727561115,4078.280209541321,1.4171506,7.526535,296700,0.19010095,989,7604,0.7765577286481857,0.00026319711,46589
29700000,0.006210285,297.73,0.06308,62.33876084901392,4082.231448173523,1.4135411,9.892712,297000,0.19342846,990,7302,0.762070894241333,0.0005274987,45353
29730000,0.007829713,300.0,0.09394667,60.646055416017774,4086.3463661670685,1.4090421,1.8546352,297300,0.20215352,991,7447,0.9247732684016228,0.0027300362,47568
29760000,0.0116447415,297.36,0.14435332,60.15479484006762,4090.3809213638306,1.4048914,20.674698,297600,0.17140186,992,7316,0.6364492475986481,0.0019879087,46485
29790000,0.005011537,297.23,0.051880002,55.978805947899815,4094.488356590271,1.4028379,5.3952475,297900,0.17864998,993,7371,0.8759599551558495,0.0024676805,45703
29820000,0.0052187904,299.18,0.05158,63.17872262828052,4098.564274787903,1.4010661,4.2856064,298200,0.20570605,994,7423,0.8511159718036652,-0.0002768048,45832
29850000,0.0054717646,294.42,0.061263334,62.07928241245449,4102.612069368362,1.3991145,9.344783,298500,0.19118749,995,7161,0.7941568195819855,-0.00019713838,45671
29880000,0.0045112497,298.9,0.043923337,63.792289508879186,4106.808005332947,1.3973567,7.33711,298800,0.20300311,996,7411,0.7939077317714691,0.0007681424,46257
29910000,0.006832514,297.95,0.07579667,61.92324693106115,4110.861844301224,1.3958493,7.435617,299100,0.19648658,997,7277,0.8015452027320862,-0.00014343143,44976
29940000,0.0040019616,297.29,0.041536666,66.11739955388009,4114.990385770798,1.3942726,2.1747615,299400,0.2171139,998,7213,0.9101434722542763,0.001004019,46534
29970000,0.005015771,297.33,0.053533334,63.36818146184087,4119.168799638748,1.392216,7.1686454,299700,0.2012118,999,7359,0.8214275538921356,0.0010899862,46288
30000000,0.0047062,298.99,0.051686667,59.66533248998225,4123.2512130737305,1.390041,6.8115005,300000,0.18922307,1000,7311,0.8027393668889999,0.0014146623,46667
30030000,0.0070441402,295.85,0.091066666,60.62886918000877,4127.373247861862,1.3870584,19.894209,300300,0.1733803,1001,7108,0.6645099520683289,-8.981786e-06,38691
30060000,0.014781726,296.1,0.17357,64.45227749250829,4131.599482297897,1.3855199,12.493006,300600,0.19452259,1002,7272,0.7425469756126404,0.0034522903,45861
30090000,0.008759015,299.53,0.10811333,58.806812605261804,4135.730471611023,1.38434,5.4420037,300900,0.19122967,1003,7324,0.8392979502677917,-0.00022291586,44548
30120000,0.0063439747,299.51,0.07117666,63.655446027889845,4139.832225561142,1.3818071,4.730069,301200,0.20737666,1004,7422,0.8001877963542938,0.0011150619,46936
30150000,0.0054574893,297.99,0.061286665,62.29158180966974,4143.88011431694,1.3783712,9.864672,301500,0.19316354,1005,7474,0.7364661395549774,-0.00032979247,45459
30180000,0.004099363,299.71,0.030629998,61.70730911485851,4147.899471282959,1.375712,4.7165546,301800,0.20074505,1006,7255,0.8535194545984268,0.0024447674,45589
30210000,0.0038013817,296.57,0.04005333,64.5551066262275,4152.040097475052,1.3720179,9.344439,302100,0.20246841,1007,7465,0.7535817474126816,0.00030949485,45118
30240000,0.0064258873,296.04,0.06786,63.28638087153435,4156.064732074738,1.3693978,11.616665,302400,0.1910279,1008,7394,0.7475269436836243,0.0023750053,45666
30270000,0.0051844446,295.24,0.05026,60.85121132172644,4160.1284284591675,1.3672802,12.04665,302700,0.18303451,1009,7230,0.7974671870470047,0.0017745038,45502
30300000,0.005711799,294.84,0.054003336,61.07148880675435,4164.2836997509,1.365622,6.7052736,303000,0.19261208,1010,7241,0.8691142499446869,0.0026464118,45674
30330000,0.0061956868,299.21,0.07047,58.438476090431216,4168.433075904846,1.3641927,7.8059244,303300,0.18492307,1011,7202,0.8230364620685577,-0.00026907527,44930
30360000,0.0089826165,299.75,0.12143667,64.27207989126444,4172.604721784592,1.3621562,4.994335,303600,0.20924388,1012,7335,0.7987602949142456,0.0024490454,44557
30390000,0.013284365,297.26,0.14171001,60.56456466846168,4176.699991226196,1.3589323,7.647658,303900,0.19189243,1013,7252,0.8033666759729385,0.0026918282,44830
30420000,0.0025068016,297.74,0.020973332,59.25249582454562,4180.843715667725,1.3561333,6.6651545,304200,0.18744318,1014,7269,0.8673295676708221,0.0015472637,45521
30450000,0.0039353613,297.55,0.040006667,67.20414825513959,4184.977550029755,1.3535725,9.331835,304500,0.20967652,1015,7358,0.7152359187602997,0.0010751451,45519
30480000,0.011991242,297.31,0.12826666,64.21739919386805,4189.073357105255,1.3501587,4.0472746,304800,0.20856653,1016,7286,0.8796626031398773,0.004742076,47141
30510000,0.009607846,296.76,0.12344333,56.19515341937542,4193.196724891663,1.3472073,9.043207,305100,0.17225893,1017,7414,0.8517969846725464,0.0029552318,44800
30540000,0.015294813,299.46,0.19791,59.3839046228677,4197.249373912811,1.3449104,4.68562,305400,0.19315885,1018,7429,0.8418247699737549,0.0027399003,46758
30570000,0.0064656967,299.18,0.072160006,64.62409987457096,4201.293320178986,1.3423325,4.06589,305700,0.21049222,1019,7375,0.8535545766353607,0.0035160552,46588
30600000,0.008737501,298.26,0.10234667,65.47609608083964,4205.366436243057,1.3398347,8.255808,306000,0.2086822,1020,7429,0.7941088676452637,0.0033788576,45274
30630000,0.008384103,298.67,0.10712,61.24131639547646,4209.410292387009,1.3383039,11.391324,306300,0.18966039,1021,7318,0.7793269902467728,0.00020656365,44533
30660000,0.0062298933,296.84,0.05138,62.573533769547936,4213.515869140625,1.3372753,13.043978,306600,0.18926221,1022,7394,0.7985680550336838,0.0017526865,47740
30690000,0.0032463968,299.47,0.026596665,67.05534572079777,4217.578880310059,1.3366224,5.176511,306900,0.21852931,1023,7364,0.8185007721185684,0.0014298086,46170
30720000,0.0051705665,298.24,0.034390002,61.50748419739306,4221.658215522766,1.335889,7.8143067,307200,0.1956126,1024,7396,0.8191211372613907,0.0009705218,45040
30750000,0.0062511163,296.14,0.06041333,62.74242025800049,4225.720658779144,1.3348827,11.111486,307500,0.193739,1025,7340,0.7822130918502808,0.0010071333,45501
30780000,0.006100785,299.51,0.07704667,68.25224556729198,4229.814115762711,1.333401,4.9845095,307800,0.22272441,1026,7429,0.7087192535400391,0.0001988681,46906
30810000,0.023960508,299.05,0.28260666,66.66571009002627,4233.870770931244,1.3306253,4.231704,308100,0.21738225,1027,7373,0.8504769802093506,0.010230666,46199
30840000,0.043889493,299.16,0.3507,66.90368879146874,4237.945421457291,1.3287803,6.9515777,308400,0.21325931,1028,7285,0.8038560897111893,0.015078649,47785
30870000,0.013513858,296.58,0.17175,57.87453627087176,4242.069063425064,1.327666,6.939827,308700,0.18239717,1029,7535,0.7890814542770386,0.002529011,45440
30900000,0.014346373,299.32,0.15947333,60.303219888433816,4246.0564477443695,1.3266455,8.154116,309000,0.19116126,1030,7275,0.8096980899572372,0.001737206,45205
30930000,0.014252198,299.07,0.17868,65.14759182840585,4250.18591427803,1.3250381,7.1703386,309300,0.20703441,1031,7422,0.7734116166830063,0.0054043457,47477
30960000,0.014586991,300.0,0.16019334,47.94591933637857,4254.2336411476135,1.3231199,1.9277337,309600,0.15981972,1032,7453,0.9163920655846596,0.004007723,46313
30990000,0.035287343,298.75,0.31732,52.542847102731464,4258.264683008194,1.3214655,5.838588,309900,0.17071874,1033,7363,0.7518120259046555,0.00756655,47806
31020000,0.010275384,293.46,0.12515667,45.67950768992305,4262.34472489357,1.3205072,22.135046,310200,0.118154235,1034,7599,0.6982245445251465,0.00069197477,46064
31050000,0.010172836,295.08,0.11098333,60.24724118046463,4266.298360109329,1.3197947,18.642498,310500,0.17156829,1035,7300,0.6607834696769714,0.0010743273,46845
31080000,0.0060474956,296.17,0.067683324,59.72041366197169,4270.414300918579,1.3191698,12.136767,310800,0.17903425,1036,7276,0.7993385940790176,0.001482113,45421
31110000,0.008879242,292.46,0.07434333,61.82227632254362,4274.543683290482,1.317879,13.112589,311100,0.18255167,1037,7380,0.7899468690156937,0.0032542564,46845
31140000,0.008341147,296.94,0.08920667,62.61465850524604,4278.614733695984,1.3160658,8.113428,311400,0.19601227,1038,7223,0.7758826166391373,-0.00040541604,43385
31170000,0.0037599269,295.3,0.035453334,63.717536083087325,4282.774695634842,1.3138196,10.9659395,311700,0.19749746,1039,7441,0.7356556951999664,-0.00059527473,46947
31200000,0.007565728,296.7,0.09041666,61.64081446498633,4286.812782526016,1.312372,10.153913,312000,0.18744779,1040,7367,0.7850424945354462,0.0029467687,46669
31230000,0.013846991,297.12,0.15796,64.43670762315392,4290.891966342926,1.310666,7.1642623,312300,0.20429671,1041,7494,0.8468323796987534,0.004538339,47385
31260000,0.026556317,294.48,0.26361996,65.80839471109212,4294.900738477707,1.3079685,12.175391,312600,0.19905384,1042,7379,0.7222817242145538,0.010332677,46059
31290000,0.005955568,293.88,0.07017334,64.74188293837011,4298.972565412521,1.3064015,19.443394,312900,0.18344215,1043,7566,0.7610694617033005,0.002686927,46643
31320000,0.0034869835,295.23,0.035206668,66.1634154599905,4302.943719625473,1.305378,11.568079,313200,0.20305257,1044,7260,0.79976387321949,0.00014093958,46202
31350000,0.005247353,297.9,0.05981667,65.94807912386953,4307.081865310669,1.3036159,6.1595163,313500,0.21204674,1045,7356,0.8555625677108765,0.0027586543,46096
31380000,0.007171967,297.64,0.08691,64.44665568999946,4311.166620492935,1.3020004,13.0513,313800,0.19536969,1046,7299,0.7596075236797333,-0.00021262022,43404
31410000,0.006615589,297.76,0.058276664,64.39911138109863,4315.282539129257,1.3001434,2.3933482,314100,0.21172358,1047,7299,0.9352860748767853,0.0019342514,46579
31440000,0.0057126237,290.97,0.06972,59.261650942415,4319.398592472076,1.2968645,20.631187,314400,0.1600138,1048,7383,0.7450153827667236,-0.00055812794,44613
31470000,0.005341755,296.59,0.05093,65.71546651087701,4323.468456029892,1.2947619,11.040534,314700,0.20126605,1049,7245,0.7265382707118988,-0.0009334742,45307
31500000,0.00671113,294.28,0.077120006,63.430813828855754,4327.616057634354,1.2927079,7.76027,315000,0.19952758,1050,7166,0.8376115709543228,0.0014984913,44591
31530000,0.0027788512,294.76,0.020523334,62.033200337663295,4331.808657646179,1.2909362,9.273067,315300,0.1909463,1051,7266,0.8410045951604843,0.00019331477,45632
31560000,0.0026307052,295.75,0.02026,64.9903778076172,4335.943364143372,1.2893535,10.849269,315600,0.19913623,1052,7476,0.7945141941308975,0.000119086806,45984
31590000,0.0058220094,295.41,0.06759333,61.31697099633515,4339.962434768677,1.2879584,15.143216,315900,0.18033637,1053,7341,0.7597359120845795,0.0024367184,46666
31620000,0.0070393225,295.68,0.07900666,65.19177653662861,4344.05518245697,1.2863734,3.221337,316200,0.21154326,1054,7332,0.9299627020955086,0.0032779716,47501
31650000,0.0029873287,293.45,0.02365,64.01747335016728,4348.152911663055,1.2847725,10.015599,316500,0.19417866,1055,7369,0.7974664270877838,0.002741977,47760
31680000,0.0062941336,294.71,0.055510003,63.530050582811235,4352.231062412262,1.2832606,7.8690214,316800,0.19934107,1056,7300,0.8591947257518768,0.0026856952,46339
31710000,0.009195529,295.83,0.060223334,63.285824636816976,4356.347013711929,1.2820964,5.9241147,317100,0.19999658,1057,7330,0.8775379806756973,0.0019328694,45934
31740000,0.005610522,297.47,0.058303338,63.41689850404859,4360.445186853409,1.2811642,14.813644,317400,0.19222842,1058,7227,0.7335605919361115,0.0012403204,45271
31770000,0.0048729107,292.5,0.05238667,60.48793091326952,4364.602247953415,1.280143,11.809391,317700,0.1780932,1059,7249,0.8452814072370529,0.00022326448,46464
31800000,0.0044953777,297.28,0.04109,66.92045845106244,4368.746503353119,1.2793764,7.6845636,318000,0.2103488,1060,7356,0.8418289721012115,0.004319167,44479
31830000,0.009178299,298.7,0.092659995,65.28481115162373,4372.831115961075,1.2785358,6.6627426,318300,0.20788798,1061,7400,0.8438653498888016,0.0047989665,45060
31860000,0.0047865994,292.92,0.055323333,64.58864238530397,4376.8908705711365,1.2777097,11.884372,318600,0.19481084,1062,7407,0.7936617881059647,0.00094396976,46526
31890000,0.0042961603,299.27,0.016386667,68.33168376520275,4380.947184562683,1.2769531,5.3818765,318900,0.22284697,1063,7376,0.841645747423172,0.0040391395,46413
31920000,0.007299854,295.57,0.081986666,61.432944550812245,4385.033517837524,1.2758558,12.850662,319200,0.18427607,1064,7464,0.8149021118879318,0.0036206197,48438
31950000,0.017518956,297.97,0.16693333,63.75511032663286,4389.059023141861,1.2746217,11.45682,319500,0.19804229,1065,7477,0.738377183675766,0.0036455083,46719
31980000,0.011625094,297.28,0.15092666,60.53969761051238,4393.077201604843,1.2732624,13.404501,319800,0.18261752,1066,7407,0.7541894912719727,0.0026481552,46008
32010000,0.0044657914,298.32,0.046186663,65.77155767336488,4397.134208917618,1.2717545,13.0535145,320100,0.19976658,1067,7331,0.6926794052124023,0.0019651183,45007
32040000,0.006161698,292.21,0.07576333,62.70420122332871,4401.232434988022,1.2700033,13.839108,320400,0.18243141,1068,7353,0.7963617891073227,0.001274703,45775
32070000,0.0041589173,298.74,0.03894333,60.20318025626242,4405.3187918663025,1.268586,7.6942,320700,0.19093505,1069,7373,0.8294848799705505,-8.4452484e-05,45382
32100000,0.0065665087,300.0,0.08484,64.01367647208274,4409.393210887909,1.2660589,2.334697,321000,0.21337892,1070,7251,0.92588771879673,0.0019346509,44102
32130000,0.009278441,296.03,0.121920004,68.11347884304821,4413.536374092102,1.2621238,7.964873,321300,0.21465619,1071,7398,0.7922584265470505,0.0021382882,44892
32160000,0.004197657,299.02,0.043906666,67.03031976275146,4417.597950935364,1.2590992,7.461773,321600,0.21375492,1072,7384,0.8161925971508026,-0.0009964748,45365
32190000,0.004928046,299.31,0.060406666,66.38173096388579,4421.666533231735,1.2560467,4.4714937,321900,0.21667115,1073,7412,0.846220538020134,-0.0005285639,44505
32220000,0.0086062495,298.05,0.09892,66.56444065749645,4425.719965219498,1.2519335,9.759344,322200,0.20730686,1074,7436,0.7871335446834564,0.0038274215,46473
32250000,0.0036879226,296.21,0.032703333,63.18515619792044,4429.760630130768,1.2491653,7.3070326,322500,0.20052445,1075,7225,0.8450436890125275,0.0014153008,45627
32280000,0.003959128,296.37,0.034259997,65.77684444732964,4433.920205593109,1.2471851,11.331683,322800,0.20165837,1076,7380,0.806107297539711,-6.296445e-05,46950
32310000,0.0038684006,296.45,0.03517,67.41013514980673,4437.991139888763,1.2457439,13.257284,323100,0.20564336,1077,7422,0.6806558966636658,0.00057410094,44577
32340000,0.004482872,300.0,0.040673334,70.82032369762659,4442.038890123367,1.2443794,1.8945553,323400,0.23606774,1078,7307,0.8793135285377502,0.0025758676,46507
32370000,0.0035962008,298.95,0.031406667,66.88246491402387,4446.164727926254,1.2424605,6.934848,323700,0.21327299,1079,7212,0.8320316970348358,0.0028100486,45318
32400000,0.008014619,298.16,0.0604,63.41892930939794,4450.33262014389,1.2409884,8.996118,324000,0.19654267,1080,7295,0.8373360484838486,0.0051209806,46673
32430000,0.0035052851,297.72,0.02306,69.91103008799254,4454.450886964798,1.2397745,19.6022,324300,0.2037722,1081,7344,0.6831583976745605,0.0010814449,43505
32460000,0.0029945527,298.31,0.02293,66.73259704746306,4458.542052030563,1.2389152,16.008825,324600,0.19784948,1082,7305,0.7177101969718933,0.0018863097,47061
32490000,0.0042950506,300.0,0.047503334,64.77308994658291,4462.654921770096,1.2371175,1.872174,324900,0.2159103,1083,7442,0.9488025195896626,0.00050871196,47388
32520000,0.009838797,298.76,0.12555666,67.02570104002953,4466.691702127457,1.2329926,10.474664,325200,0.20884167,1084,7380,0.7481862604618073,0.0012639114,46512
32550000,0.010342682,299.01,0.13743334,63.17727911874652,4470.76270031929,1.2302896,10.403196,325500,0.19583566,1085,7774,0.7913132309913635,-3.083425e-05,43976
32580000,0.0039439844,298.82,0.027316665,68.20063322283328,4474.627862930298,1.2276728,8.058108,325800,0.21767066,1086,7659,0.8015455156564713,0.0017969518,42635
32610000,0.0027339614,299.22,0.0227,65.74345779240132,4478.5509469509125,1.225137,3.9780712,326100,0.2141284,1087,7824,0.8822550252079964,-0.0013458108,43615
32640000,0.006781371,298.84,0.058709998,63.24053879186511,4482.391006231308,1.2219641,7.3318114,326400,0.20121983,1088,7789,0.8730469197034836,0.003089535,42150
32670000,0.004777894,297.7,0.03785,70.5183081383258,4486.248337268829,1.219304,10.910408,326700,0.21540563,1089,7868,0.7553326040506363,0.0014950022,42835
32700000,0.0032361,298.6,0.024213335,67.20479205556214,4490.067236661911,1.2169787,10.387095,327000,0.209548,1090,7806,0.7750966548919678,0.00017133579,44194
32730000,0.0060561383,297.88,0.04052333,68.90700204320252,4493.9172241687775,1.215236,4.2284446,327300,0.22398391,1091,7343,0.9049308523535728,0.0018242656,42887
32760000,0.00544217,296.32,0.056770004,67.21939468733966,4498.008821249008,1.2139417,14.870882,327600,0.20378786,1092,7324,0.740481972694397,-4.021328e-05,46404
32790000,0.0021140538,299.73,0.017846668,68.9559016623348,4502.111493349075,1.2128936,4.312793,327900,0.22490151,1093,7347,0.8865142241120338,0.0018687736,44521
32820000,0.009409232,293.42,0.046826664,64.19537766344845,4506.201914310455,1.2113419,19.660166,328200,0.18526594,1094,7211,0.7556144148111343,0.003948441,45537
32850000,0.0032425288,297.7,0.013613334,62.31399751618505,4510.368676662445,1.2104862,15.116613,328500,0.18318821,1095,7282,0.7511896938085556,0.00084115454,47688
32880000,0.009382623,300.0,0.12646332,67.85753657497466,4514.494965791702,1.2092993,1.9377873,328800,0.2261918,1096,7212,0.912756472826004,0.0025165621,45643
32910000,0.015266344,298.38,0.19163333,71.71773592092097,4518.660405158997,1.2060882,10.538744,329100,0.22431844,1097,7355,0.6962967216968536,0.0065673552,46396
32940000,0.013340229,298.16,0.16494334,68.53306789308786,4522.757593393326,1.2036078,11.486193,329400,0.21377574,1098,7511,0.7195085883140564,0.006311835,48158
32970000,0.00760031,299.16,0.095426664,69.19728265598417,4526.75768661499,1.2016034,7.1867933,329700,0.2207543,1099,7455,0.8095192760229111,0.00082886254,45565
33000000,0.0049884934,297.05,0.049616665,62.397806779518724,4530.787729501724,1.2000979,6.8507805,330000,0.19807087,1100,7372,0.877079650759697,0.0029205282,43327
33030000,0.004091701,299.43,0.03094333,72.36398256078363,4534.874948263168,1.1985204,5.3478904,330300,0.23630734,1101,7177,0.6566521227359772,0.0012499309,38593
33060000,0.0044808397,300.0,0.029009998,68.70194741934537,4539.073036432266,1.1968434,1.7458897,330600,0.2290065,1102,7515,0.9332201927900314,0.0011281432,47872
33090000,0.0039346074,300.0,0.040933333,68.72786950856447,4543.070755958557,1.1941174,1.7532015,330900,0.22909291,1103,7509,0.9051308110356331,-0.00015675063,46486
33120000,0.005559694,300.0,0.06723,71.28749761871994,4547.0711216926575,1.1895763,1.7994915,331200,0.237625,1104,7507,0.9252057820558548,0.0018942142,46388
33150000,0.008703621,293.19,0.108899996,63.27287419840693,4551.072940587997,1.1854336,20.375238,331500,0.17602813,1105,7323,0.7410560250282288,0.0018238397,44944
33180000,0.0043291897,299.47,0.037576668,75.1111752601713,4555.175906896591,1.1827958,4.009122,331800,0.24545443,1106,7538,0.7856020033359528,0.000761439,47656
33210000,0.009403464,300.0,0.11852334,68.96942832469941,4559.174799442291,1.1787869,1.6880014,332100,0.2298981,1107,7303,0.9376491941511631,0.0040995143,47263
33240000,0.006260519,299.56,0.07767334,65.94923874281346,4563.288552284241,1.1746596,5.682762,332400,0.21501838,1108,7492,0.7619825005531311,-0.0018960297,47345
33270000,0.009439773,298.02,0.11483667,64.67123231306672,4567.298455476761,1.171279,14.042311,332700,0.19608119,1109,7425,0.6790138483047485,0.0011317313,45607
33300000,0.0064998367,299.77,0.08241667,75.46664890050889,4571.344489336014,1.1689492,5.736398,333000,0.24660479,1110,7321,0.7172999978065491,0.00087451766,44914
33330000,0.0070796856,299.28,0.092076674,71.80178445719183,4575.461473226547,1.16663,6.5028434,333300,0.22947949,1111,7422,0.7878763973712921,-0.0006384313,46606
33360000,0.0063581215,297.96,0.08124,72.33653630457819,4579.509163379669,1.1642202,10.289791,333600,0.22695784,1112,7438,0.7311851978302002,-0.00050100236,45922
33390000,0.01093502,295.74,0.13989,69.20693330347538,4583.548148155212,1.1623493,11.647341,333900,0.21338801,1113,7481,0.715107262134552,0.0014229866,45794
33420000,0.0088385595,300.0,0.10464667,70.06395111620427,4587.565052509308,1.1598428,1.766242,334200,0.2335465,1114,7491,0.9007446393370628,0.00502734,47719
33450000,0.011255075,300.0,0.14223334,72.34980467803776,4591.575528383255,1.1564544,2.0531855,334500,0.24116601,1115,7279,0.897902250289917,0.005088839,47431
33480000,0.004159437,300.0,0.044833332,70.48496787421405,4595.702799081802,1.1539665,1.7647908,334800,0.2349499,1116,7378,0.9374529868364334,0.0004429921,45362
33510000,0.011108154,296.84,0.13330333,69.16651473432779,4599.775297880173,1.1515948,12.466382,335100,0.2116154,1117,7424,0.7368777394294739,0.004096593,47633
33540000,0.004936489,300.0,0.05707667,73.15701281659305,4603.82214641571,1.1487358,1.6759462,335400,0.24385671,1118,7324,0.9112780839204788,0.0012164887,45642
33570000,0.0060645477,298.48,0.06628667,75.09950849846005,4607.924103021622,1.1439912,12.150316,335700,0.23594743,1119,7374,0.662387490272522,0.000985981,46235
33600000,0.0034616436,298.83,0.034179997,74.50038220748306,4611.998535633087,1.1412218,11.556256,336000,0.23374066,1120,7337,0.6640661358833313,-0.0006170408,42650
33630000,0.0042703087,295.03,0.043786667,67.89164131708444,4616.093039512634,1.1391985,7.496718,336300,0.21438229,1121,7325,0.8440969437360764,0.00037964078,47305
33660000,0.0017469262,298.62,0.00989,71.35036325760186,4620.194210529327,1.137633,10.849842,336600,0.22328125,1122,7456,0.7558483928442001,-0.00024527474,46608
33690000,0.005433607,298.84,0.05036,71.593476838544,4624.223686695099,1.1362512,11.359222,336900,0.22402132,1123,7191,0.7273766100406647,0.00066138373,45142
33720000,0.0068205907,297.94,0.076373324,68.30308867797255,4628.40163064003,1.134853,13.082891,337200,0.21335277,1124,7372,0.7502957284450531,-0.00030089886,46967
33750000,0.004974223,299.04,0.02094,67.48361197330058,4632.476936578751,1.1338629,5.2327065,337500,0.22015561,1125,7526,0.8427969664335251,7.3610805e-05,46324
33780000,0.009420555,300.0,0.103303336,69.0466270443797,4636.468651294708,1.131942,1.5288275,337800,0.23015544,1126,7283,0.9407863914966583,0.0012291737,46870
33810000,0.01074042,299.8,0.13262,68.16983612149954,4640.593358755112,1.1291463,3.8153698,338100,0.22220114,1127,7435,0.8836792185902596,0.0018809515,45521
33840000,0.0052623497,299.1,0.055719994,70.07796308763325,4644.634145021439,1.1272787,11.157244,338400,0.21882723,1128,7412,0.709218442440033,0.00033223775,47845
33870000,0.0021738769,299.65,0.017436666,71.42438722461462,4648.68709731102,1.1262286,4.3481593,338700,0.2331654,1129,7453,0.8594717383384705,-0.0013044132,46224
33900000,0.0037025772,299.5,0.041653335,72.89730690166354,4652.718041181564,1.1244857,4.9367514,339000,0.2380027,1130,7346,0.7761231660842896,-0.00084754045,46233
33930000,0.0053768093,299.71,0.0633,70.92803824059665,4656.808221340179,1.12097,4.8909655,339300,0.23141015,1131,7227,0.8300222903490067,0.00030471466,46501
33960000,0.017814707,293.88,0.18978,65.76094254136086,4660.964883327484,1.1175404,13.573149,339600,0.19893366,1132,7376,0.7706445157527924,0.0023155503,46631
33990000,0.010984318,299.25,0.12897,73.84685401894153,4665.037996530533,1.1152183,7.099108,339900,0.2363069,1133,7341,0.7996278554201126,0.0017547496,47314
34020000,0.01741815,298.4,0.17423001,68.42797468833625,4669.131598711014,1.1134713,12.313076,340200,0.21382514,1134,7557,0.7105254828929901,0.0042710286,45948
34050000,0.006471145,295.82,0.08138666,67.94327983781696,4673.107661485672,1.1124653,10.265497,340500,0.21387854,1135,7318,0.7484141290187836,0.0011528538,45426
34080000,0.010316746,296.26,0.12343334,73.28600542895497,4677.212814092636,1.1111871,14.200602,340800,0.2215941,1136,7284,0.7073091268539429,-0.00048612262,45850
34110000,0.0041931095,299.18,0.04485,72.12384304642677,4681.337769985199,1.1098462,7.5147924,341100,0.23073056,1137,7109,0.7579947859048843,0.0017916886,44671
34140000,0.0034842633,298.74,0.03557333,73.61764972247184,4685.563598155975,1.1084201,8.726717,341400,0.23602435,1138,7311,0.6916633546352386,0.0006150388,46455
34170000,0.004280383,299.54,0.04549,72.91339706689119,4689.673191547394,1.1064638,8.194238,341700,0.23310065,1139,7404,0.7049586176872253,0.0012590139,44528
34200000,0.004656859,299.09,0.050406665,71.98270560994744,4693.731141805649,1.1041782,4.951646,342000,0.23507306,1140,7443,0.8342305719852448,-0.0009920227,45825
34230000,0.003415057,295.78,0.03252667,67.51371900096535,4697.767909049988,1.1019845,8.7035055,342300,0.21243243,1141,7469,0.8212392032146454,-0.00074267865,44830
34260000,0.00289302,296.07,0.023366667,72.00952876217663,4701.790485858917,1.1000732,15.786661,342600,0.21806097,1142,7477,0.6904944181442261,0.0004411501,46049
34290000,0.014165157,294.61,0.17647001,67.23582412622869,4705.809365987778,1.0983877,7.427588,342900,0.21055184,1143,7389,0.8589591234922409,0.0038766556,44805
34320000,0.0048129833,299.57,0.04986333,72.34454824514687,4709.875561714172,1.0967455,5.5381174,343200,0.2363592,1144,7473,0.8283042013645172,-0.00033792332,45416
34350000,0.0033855971,296.9,0.03297,73.83085782736539,4713.8961272239685,1.0945225,5.7077756,343500,0.23812707,1145,7307,0.822005107998848,-0.00041684104,45122
34380000,0.008551529,294.26,0.10614,70.79986440688371,4718.007182836533,1.0924511,9.771043,343800,0.22033373,1146,7444,0.7736581712961197,0.0021305059,45054
34410000,0.0064612823,294.64,0.071953334,72.80497491814197,4722.043035507202,1.0908059,17.115335,344100,0.21836841,1147,7286,0.6154745221138,0.00025131434,44883
34440000,0.0036551382,298.73,0.037443332,69.35190828405321,4726.168601036072,1.0888346,11.598849,344400,0.21663243,1148,7179,0.704466700553894,-0.0011871611,44569
34470000,0.0039400384,297.49,0.03973333,74.70645266994833,4730.3534235954285,1.0869179,12.93782,344700,0.23023532,1149,7360,0.6805847585201263,0.0007009572,47563
34500000,0.0049439436,292.7,0.045436665,71.9287216567248,4734.43492436409,1.0851835,4.8919706,345000,0.22811449,1150,7539,0.8875715360045433,0.0014751547,46753
34530000,0.004537098,297.83,0.04828,73.1158887167275,4738.422986507416,1.0836046,14.01282,345300,0.22436775,1151,7415,0.6711615025997162,-0.0013860317,44829
34560000,0.004400425,296.68,0.05182333,74.90675526738167,4742.474863290787,1.082526,15.720535,345600,0.22973388,1152,7354,0.6559540629386902,0.00051107345,46025
34590000,0.010328081,297.18,0.13121334,78.66439605645836,4746.56050658226,1.080909,6.7208686,345900,0.25188622,1153,7421,0.7891183495521545,0.002378817,48152
34620000,0.011498309,291.82,0.14906666,70.10504778310657,4750.6213302612305,1.0788792,12.779729,346200,0.212364,1154,7487,0.8016500473022461,0.0024743904,46738
34650000,0.0024941459,298.65,0.018573333,74.42494670145214,4754.634651422501,1.0775014,6.741704,346500,0.2384896,1155,7287,0.8062485009431839,0.00039161718,44552
34680000,0.0022173433,299.06,0.018413331,68.73046916306019,4758.757507562637,1.0762495,8.890364,346800,0.21954095,1156,7326,0.7393949329853058,0.0006070385,46023
34710000,0.004844825,297.62,0.051513333,74.73816088587046,4762.858770132065,1.074883,6.326709,347100,0.2414581,1157,7410,0.7294113039970398,0.00023364877,46171
34740000,0.0023982965,299.26,0.019666666,72.79958032131195,4766.913667678833,1.0727116,4.4243865,347400,0.23804802,1158,7423,0.844261109828949,-6.3414234e-05,46087
34770000,0.004318081,294.66,0.045946665,70.46261577382684,4770.96097445488,1.0706732,12.324142,347700,0.21438402,1159,7405,0.7730415463447571,-0.00043210838,45730
34800000,0.0043584458,296.79,0.04722,73.2153427837044,4775.018545627594,1.0695179,22.561811,348000,0.20995857,1160,7504,0.6661937534809113,-0.0005350861,46832
34830000,0.006940325,293.56,0.04606667,68.74511497557164,4779.0226056575775,1.0689213,15.265254,348300,0.20366465,1161,7264,0.7495963871479034,0.0037166928,44960
34860000,0.008430993,292.34,0.081253335,71.43821035519242,4783.159016609192,1.068393,12.717586,348600,0.21408027,1162,7408,0.807253822684288,0.0011251464,48264
34890000,0.004203257,297.76,0.041693337,71.06044898927212,4787.214555978775,1.0670595,8.966189,348900,0.22403604,1163,7395,0.8199990838766098,-0.0009671107,46223
34920000,0.023970243,298.0,0.028099999,74.26714991651475,4791.277703285217,1.064568,12.516645,349200,0.23304656,1164,7329,0.6608307957649231,-0.00069243595,45190
34950000,0.002285824,297.07,0.018263334,75.3294708879292,4795.376712322235,1.0624883,17.97915,349500,0.22706378,1165,7353,0.6818224489688873,0.0007326122,44343
34980000,0.00628936,297.01,0.07788667,69.9855269189179,4799.463556528091,1.0606506,2.307833,349800,0.229954,1166,7422,0.9459705986082554,0.0019174296,44877
35010000,0.010167326,297.38,0.12952666,74.08828742191196,4803.51161980629,1.0576605,14.172195,350100,0.22766794,1167,7403,0.6844972968101501,0.0021854076,45992
35040000,0.014729853,298.94,0.14243,70.05211752310396,4807.569887876511,1.0556928,8.475851,350400,0.2237012,1168,7254,0.8297384083271027,0.0025469146,47376
35070000,0.010465605,295.05,0.08494333,67.45316391125321,4811.711988449097,1.054498,13.42697,350700,0.20267986,1169,7188,0.7897517085075378,0.0013564486,45602
35100000,0.011518438,300.0,0.12799999,74.64572254575789,4815.891817569733,1.0531801,1.9970505,351000,0.24881907,1170,7269,0.9229166805744171,0.010690864,45391
35130000,0.017306486,298.88,0.18281999,69.74803741388023,4820.024681568146,1.0514026,9.330595,351300,0.2177922,1171,7295,0.845789298415184,0.0059954165,45549
35160000,0.0064198175,299.61,0.078723334,63.971559382900594,4824.142933368683,1.0498621,4.4729166,351600,0.20837516,1172,7460,0.8934588357806206,0.00033873896,47035
35190000,0.0056157997,298.56,0.06403,72.7721318025142,4828.1698706150055,1.0478528,11.960496,351900,0.2229992,1173,7517,0.7720485180616379,0.0014552351,45758
35220000,0.006928926,298.61,0.07461333,72.75628704324365,4832.16711139679,1.0453045,12.152528,352200,0.2281695,1174,7564,0.7114293575286865,0.0021185302,48072
35250000,0.005842848,297.61,0.03384667,73.19531412221491,4836.140045166016,1.0432364,5.0674434,352500,0.23625547,1175,7302,0.8967176303267479,0.0008838457,46262
35280000,0.002670898,297.3,0.014383333,75.42857008606195,4840.25431895256,1.0410541,4.4529405,352800,0.24350715,1176,7351,0.8734947592020035,0.0021392214,43768
35310000,0.0023191697,298.95,0.01845,75.36640840217471,4844.340873479843,1.0393151,9.560408,353100,0.24165261,1177,7571,0.7588041126728058,3.8213748e-05,47109
35340000,0.0053308,298.26,0.05288,73.12410657279193,4848.3093094825745,1.0378153,7.2085342,353400,0.23423454,1178,7348,0.839076355099678,0.0042570783,45721
35370000,0.003794906,298.2,0.04202333,78.28321242965758,4852.397984743118,1.0356835,2.2000031,353700,0.2580571,1179,7492,0.9224743470549583,0.0016579345,46845
35400000,0.0038945754,297.34,0.046680003,74.88866189040243,4856.408312320709,1.0335094,8.028955,354000,0.2368261,1180,7419,0.7893515825271606,-0.00022532616,48453
35430000,0.0045349454,300.0,0.04129667,71.41159952133894,4860.4578766822815,1.0304358,1.9143947,354300,0.23803867,1181,7388,0.9543364681303501,0.00062022044,46734
35460000,0.0059662308,296.48,0.057163335,74.1084671420604,4864.524173259735,1.0257895,8.362854,354600,0.23435469,1182,7466,0.8332202434539795,-0.0011591882,48086
35490000,0.008955425,297.43,0.10823999,70.6966507151723,4868.547835111618,1.0221761,2.33041,354900,0.23253554,1183,7278,0.9505450949072838,0.0038350322,46443
35520000,0.006779676,297.58,0.08541667,77.47845204554498,4872.6753697395325,1.0183084,2.204192,355200,0.25511038,1184,7503,0.9175109192728996,0.0030422786,45278
35550000,0.010874389,296.58,0.061186664,69.91970574192703,4876.67974114418,1.0154632,15.23099,355500,0.21383387,1185,7329,0.7417411506175995,0.0009577187,47376
35580000,0.0011749866,300.0,0.006893334,77.31188988290727,4880.779259681702,1.0138774,1.8879821,355800,0.25770628,1186,7370,0.9345865622162819,0.00038282,47697
35610000,0.0029973476,297.29,0.017336668,73.21594774894416,4884.855561733246,1.0118812,4.79739,356100,0.23639694,1187,7508,0.8856532201170921,0.00017910844,46427
35640000,0.0029734983,298.8,0.017606666,77.16702122837305,4888.857182741165,1.0096295,9.697327,356400,0.2426267,1188,7404,0.7854880541563034,0.0014535458,46956
35670000,0.008207524,299.57,0.10507333,74.09804590076209,4892.915725708008,1.0069718,7.9276175,356700,0.23701738,1189,7417,0.8421737551689148,0.0011069891,45037
35700000,0.011156576,296.79,0.14219001,74.29038029044867,4896.9664804935455,1.0039251,16.673653,357000,0.21796623,1190,7343,0.7620519995689392,0.0022541753,47312
35730000,0.0037781163,297.28,0.03971,73.3947774887085,4901.058699607849,1.0018308,11.916367,357300,0.22516683,1191,7560,0.8110338002443314,0.00045179512,46073
35760000,0.006635861,296.59,0.066593334,73.78792087323964,4905.033252716064,1.0002878,15.409335,357600,0.2232629,1192,7311,0.7181801795959473,0.0013470392,46615
35790000,0.007513395,300.0,0.06543,74.17907342255116,4909.142503976822,0.9991047,2.4349096,357900,0.24726358,1193,7403,0.9406651109457016,0.0057558715,46796
35820000,0.00709003,297.72,0.056623332,73.81690804794431,4913.200325250626,0.9966321,4.5167427,358200,0.23804216,1194,7386,0.887270525097847,0.0016499342,44441
35850000,0.0024586425,299.8,0.017916668,75.91488267414272,4917.2674169540405,0.9939989,5.292363,358500,0.24804853,1195,7612,0.855692908167839,-0.0006936284,46566
35880000,0.003376353,298.88,0.03280667,78.97726732090115,4921.214466810226,0.9913758,7.5752387,358800,0.25379375,1196,7336,0.7703495174646378,0.002279856,47075
35910000,0.0025861096,298.59,0.022283334,75.72205076821149,4925.322721481323,0.9893486,12.941684,359100,0.2328457,1197,7244,0.7605362236499786,0.00033813313,45878
35940000,0.002814157,299.66,0.02061,79.43419928245247,4929.470314025879,0.98791933,5.5487537,359400,0.2598889,1198,7334,0.8219946026802063,0.00078460167,46818
35970000,0.0030124087,299.7,0.02158,76.66645212300122,4933.579134941101,0.98614776,3.9859912,359700,0.25059474,1199,7621,0.8713888078927994,0.0013475613,48415
36000000,0.0038094204,298.8,0.039096665,78.67193659417332,4937.521401643753,0.9838009,8.828686,360000,0.2475055,1200,7431,0.7213380336761475,-0.000645341,47093
36030000,0.009162565,298.82,0.03749,74.30033114485443,4941.577393770218,0.9816545,12.082418,360300,0.23305395,1201,6990,0.7190520167350769,0.0025823764,36255
36060000,0.0038076304,297.82,0.040736668,71.65320656344295,4945.87633061409,0.97986233,8.416471,360600,0.2294625,1202,7265,0.8179561048746109,0.0010978708,45730
36090000,0.005099318,296.84,0.058396667,73.31684853546321,4950.012222290039,0.9785841,12.002371,360900,0.22490427,1203,7344,0.7572261691093445,-2.5820452e-06,46602
36120000,0.0060714977,298.6,0.07483334,69.05592626571655,4954.1031403541565,0.97723377,12.140124,361200,0.21058181,1204,7363,0.7844244986772537,-0.0007323554,47818
36150000,0.004434714,298.26,0.04857,78.98639925710857,4958.1839237213135,0.9762085,10.412223,361500,0.24885485,1205,7443,0.6881019771099091,-0.00034163488,45355
36180000,0.0050994838,296.39,0.05733333,76.6171090209484,4962.219897270203,0.97443163,10.566029,361800,0.23743822,1206,7449,0.8058157861232758,0.0009653486,45602
36210000,0.0024961284,298.2,0.021456666,80.14027349367738,4966.253484964371,0.97296965,13.178297,362100,0.24784409,1207,7443,0.7198013365268707,0.00030239348,47877
36240000,0.0025682752,298.27,0.020806666,80.07881834097206,4970.303475618362,0.97166747,8.366571,362400,0.25690413,1208,7408,0.6835846304893494,-0.0009540032,47275
36270000,0.0027783134,297.48,0.02016,74.91667258605361,4974.359084367752,0.96968335,8.537436,362700,0.2370126,1209,7314,0.842158779501915,0.0006381888,46426
36300000,0.0040697865,297.42,0.018546667,75.2737320843339,4978.466300010681,0.96746874,13.811884,363000,0.23145601,1210,7451,0.7530780881643295,0.0025585275,46161
36330000,0.0065342598,296.74,0.05057667,78.54209877312184,4982.499059915543,0.965387,15.253734,363300,0.24292421,1211,7432,0.6949183940887451,0.00055512076,46874
36360000,0.004309134,295.89,0.047226667,76.79224098399281,4986.541665554047,0.9637829,15.467987,363600,0.231642,1212,7435,0.7448438704013824,0.00031826927,46087
36390000,0.004203706,298.2,0.03463334,78.38452312752605,4990.5829865932465,0.9627693,16.07343,363900,0.24209082,1213,7339,0.6562038958072662,0.0018705025,46175
36420000,0.0037904237,299.48,0.03928333,75.11505920611322,4994.676701307297,0.96191853,4.445331,364200,0.24560691,1214,7414,0.8598416894674301,0.0019711023,46569
36450000,0.0056498013,298.17,0.064213336,74.33923767618835,4998.7293128967285,0.9603958,10.371583,364500,0.23314978,1215,7366,0.7758529931306839,-0.00032429537,46016
36480000,0.008744997,297.61,0.11405667,80.65694219522179,5002.80791592598,0.9585701,9.7452,364800,0.26029587,1216,7369,0.4147244095802307,0.0006417409,46847
36510000,0.011587797,297.32,0.11882999,72.87085964381694,5006.8973178863525,0.9572134,6.3751907,365100,0.23491019,1217,7450,0.8806310966610909,0.002997905,47374
36540000,0.0106458245,297.42,0.13850334,75.41567638397217,5010.930268526077,0.9557875,7.741243,365400,0.23872136,1218,7604,0.7923128306865692,0.0023466493,46392
36570000,0.0053668674,299.27,0.06411667,72.7628188021481,5014.881777524948,0.9545782,7.350932,365700,0.2327696,1219,7381,0.7965828776359558,-0.00011535235,47774
36600000,0.009590609,297.46,0.102406666,71.39107575282455,5018.952060699463,0.9531952,13.240649,366000,0.21856117,1220,7470,0.7877108007669449,0.001808792,47054
36630000,0.009091457,299.77,0.09205,71.02799510881304,5022.9740080833435,0.9521928,4.8045883,366300,0.23179056,1221,7294,0.8511824458837509,4.350261e-05,45246
36660000,0.0062085064,300.0,0.07636,76.87269326299429,5027.093202590942,0.95039815,1.6174622,366600,0.2562423,1222,7341,0.9026618450880051,-0.002255153,46069
36690000,0.0056768376,300.0,0.068356656,77.86121225304902,5031.185557842255,0.94667596,1.5838484,366900,0.25953737,1223,7398,0.9445095732808113,-0.0004953954,44114
36720000,0.0050676987,300.0,0.061053336,80.22164193816484,5035.2465035915375,0.94238865,1.8338263,367200,0.26740548,1224,7262,0.9147627875208855,0.0014980317,44467
36750000,0.0048574,300.0,0.054846663,78.0923390391469,5039.383546590805,0.9378602,1.8280691,367500,0.2603078,1225,7419,0.9410601072013378,-4.8740047e-05,44281
36780000,0.0057326527,299.08,0.068746656,79.84740430124104,5043.432748794556,0.93390244,5.201928,367800,0.2616449,1226,7362,0.8280336260795593,0.0027972872,44462
36810000,0.0035478715,299.25,0.027826667,80.25185010664165,5047.513706684113,0.9311085,6.921603,368100,0.25769335,1227,7533,0.7845182120800018,0.0013749658,45341
36840000,0.0031921207,298.1,0.026793335,75.72828636579216,5051.502199888229,0.92877084,5.5688505,368400,0.24800824,1228,7383,0.8082479238510132,0.0017509129,47891
36870000,0.0031253032,299.32,0.025433335,77.29599211871624,5055.572421312332,0.9269562,4.9769144,368700,0.25299257,1229,7236,0.859585240483284,0.0025676202,43893
36900000,0.0038553528,299.18,0.040543333,74.52915079697966,5059.724531888962,0.9251935,9.082605,369000,0.23867495,1230,7250,0.7779957801103592,-0.00041330614,46475
36930000,0.0044854204,295.54,0.04625333,77.1883912703395,5063.868009090424,0.923816,14.852757,369300,0.23773745,1231,7394,0.7115308940410614,0.0006788237,46515
36960000,0.0103956275,299.47,0.024973333,78.28405817851424,5067.931771278381,0.9224946,5.4351745,369600,0.25614813,1232,7484,0.8752092346549034,3.298505e-05,46176
36990000,0.004084681,299.69,0.041223332,79.27922090493142,5071.94575214386,0.91991776,4.5994234,369900,0.2593077,1233,7462,0.846812978386879,-0.00015251688,47498
37020000,0.005374469,299.0,0.06546,77.42902435220778,5075.971788406372,0.9163517,9.172163,370200,0.24849011,1234,7458,0.7749587446451187,-0.00035815046,45660
37050000,0.004410035,299.12,0.049923334,76.36773580767215,5080.000068426132,0.9134885,9.158248,370500,0.24495989,1235,7310,0.7663459330797195,0.000347852,46401
37080000,0.0038775648,299.66,0.034703333,80.88557177238167,5084.110117673874,0.91145116,4.559536,370800,0.26473996,1236,7410,0.8278496861457825,0.0026825538,45793
37110000,0.0029202118,298.67,0.024503332,77.00128922939301,5088.177460193634,0.9099208,10.162043,371100,0.24219917,1237,7464,0.7797323167324066,0.0004308722,47174
37140000,0.0028884672,298.3,0.02569,77.23755946308374,5092.203000307083,0.908811,7.6335196,371400,0.24770765,1238,7423,0.8431747108697891,0.0006283296,45956
37170000,0.01125021,299.1,0.14588666,76.28887814879417,5096.250796079636,0.9078723,9.792319,371700,0.24450924,1239,7403,0.7443994581699371,0.0033353693,47051
37200000,0.0037807159,299.27,0.039423335,76.00704603016376,5100.309099197388,0.90701735,10.110353,372000,0.23837747,1240,7302,0.810423344373703,0.0015441929,46635
37230000,0.0026458711,299.72,0.018973332,78.83013906337321,5104.424005746841,0.90601826,4.5781236,372300,0.25781202,1241,7361,0.8848389089107513,0.0006033012,45855
37260000,0.002083694,296.99,0.014769999,76.40834567986428,5108.505477666855,0.9043058,18.741995,372600,0.22518761,1242,7337,0.7553202360868454,-0.00037401117,47115
37290000,0.0017590445,300.0,0.01067,76.02917534179986,5112.600202083588,0.90275115,1.7223591,372900,0.25343058,1243,7330,0.9436892159283161,-0.00023729373,45919
37320000,0.0037337816,299.4,0.029703334,80.60531245104968,5116.698698759079,0.90069485,5.370345,373200,0.26397222,1244,7375,0.8381870985031128,-0.0004185858,44771
37350000,0.0017325112,297.92,0.011256667,80.08799351416528,5120.772403717041,0.8977151,8.618398,373500,0.2576946,1245,7402,0.7453330159187317,-0.0015077023,46754
37380000,0.0030191652,299.66,0.024500001,80.56093333289027,5124.8311285972595,0.89505976,4.5956883,373800,0.26363438,1246,7324,0.832307979464531,-0.0016233912,44695
37410000,0.003932373,296.79,0.034096666,80.17320796661079,5128.9328355789185,0.8918954,4.743621,374100,0.2592481,1247,7408,0.8947972729802132,0.00045899727,47530
37440000,0.0046763737,299.07,0.049953334,76.42846124209464,5132.9885840415955,0.88858783,8.516245,374400,0.24518377,1248,7487,0.8317494988441467,0.0011009992,47421
37470000,0.0039729136,297.48,0.04009,81.84293582655489,5137.001503944397,0.88619167,21.746141,374700,0.2384676,1249,7333,0.6131201386451721,0.0014572036,44714
37500000,0.003879109,297.18,0.043286666,78.87287173829972,5141.111645698547,0.8844718,7.5779204,375000,0.25348052,1250,7441,0.8150772750377655,0.00046236877,47737
37530000,0.0038594124,297.61,0.035956666,79.62949375852942,5145.149183273315,0.88221484,17.758377,375300,0.24146992,1251,7178,0.6691473424434662,0.0008493142,46558
37560000,0.0053151874,299.48,0.05809,79.6102516888082,5149.334400892258,0.879714,7.574795,375600,0.25540993,1252,7381,0.7962666749954224,0.0018350299,46365
37590000,0.0062535913,299.72,0.06854667,77.86071491390467,5153.405427932739,0.8760915,4.1464205,375900,0.2545575,1253,7514,0.9289194643497467,-0.00057956367,46837
37620000,0.0033755421,296.47,0.03489,80.33603422991932,5157.403756141663,0.8720188,12.021263,376200,0.25394586,1254,7376,0.7417750060558319,0.0007602723,45978
37650000,0.0059248907,295.43,0.06245333,79.06770592048764,5161.476453304291,0.8694212,8.608631,376500,0.25092196,1255,7244,0.8259650617837906,0.001178621,46404
37680000,0.005730135,299.17,0.029673332,79.33023328341544,5165.6234402656555,0.8677144,8.354113,376800,0.25475502,1256,7495,0.8331562578678131,-0.00013019559,47223
37710000,0.0030417696,298.82,0.025659999,78.34890399180352,5169.631841182709,0.8666231,8.5966,377100,0.25171664,1257,7343,0.8301577568054199,0.00087354705,47240
37740000,0.0051519694,299.56,0.051213335,78.64570930361748,5173.723227024078,0.8651541,4.4030085,377400,0.25732654,1258,7509,0.8841462358832359,0.0013651714,45929
37770000,0.014292665,298.52,0.036036663,83.09771827325226,5177.723836660385,0.86282074,9.857284,377700,0.2622709,1259,7374,0.7396141588687897,0.002944469,45571
37800000,0.0033511645,296.5,0.0223,77.41982785634697,5181.810795307159,0.8599871,8.5013485,378000,0.24478653,1260,7471,0.8519129306077957,0.002694637,47327
37830000,0.006051724,299.8,0.07808666,81.52106215126813,5185.832823038101,0.8577719,4.094914,378300,0.26674303,1261,7397,0.881460465490818,0.0015108504,46071
37860000,0.0050995224,299.08,0.063096665,79.10458164140582,5189.893971681595,0.8556512,10.602856,378600,0.24889661,1262,7483,0.7798828631639481,0.00013494058,46136
37890000,0.0029199836,297.42,0.024783334,77.63293733395636,5193.90927529335,0.8542426,12.194994,378900,0.23982178,1263,7451,0.7844816446304321,0.00012941122,47561
37920000,0.005137333,299.54,0.051843334,82.05757690295577,5197.941267251968,0.8528412,5.1286383,379200,0.26871306,1264,7316,0.8563435673713684,0.0013705465,46039
37950000,0.0034590513,299.25,0.027483335,79.98709602050484,5202.0483751297,0.8517059,8.080447,379500,0.2568323,1265,7362,0.7895797044038773,-0.00055765954,44822
37980000,0.0033887825,298.12,0.023266668,79.62213589705527,5206.132276296616,0.8506905,10.552431,379800,0.24566768,1266,7446,0.8299496024847031,0.0005953034,46333
38010000,0.0055119945,298.99,0.06373,80.76925130300224,5210.167291641235,0.84967935,7.8806505,380100,0.25972635,1267,7402,0.7596337646245956,0.0007408586,44949
38040000,0.0035382614,297.95,0.030089999,76.73847387515008,5214.226194381714,0.84848326,12.413292,380400,0.23641375,1268,7307,0.7857380658388138,-0.0009143146,45735
38070000,0.013290596,299.12,0.040483333,81.43936081640422,5218.3378183841705,0.847433,6.675912,380700,0.26175877,1269,7319,0.8062365502119064,-0.002148705,45476
38100000,0.0029085218,295.06,0.026609998,77.56629508666694,5222.442898988724,0.8459158,21.574091,381000,0.22921856,1270,7301,0.730711042881012,0.00016878577,44981
38130000,0.002515963,298.32,0.021416668,80.30142192147672,5226.558591365814,0.8446888,13.656247,381300,0.24833745,1271,7392,0.8295529335737228,2.6052227e-05,47134
38160000,0.0041371738,292.99,0.023416664,81.23057240463794,5230.622907161713,0.8435357,11.716033,381600,0.25393885,1272,7347,0.7437298595905304,0.0016445918,46456
38190000,0.004760091,297.75,0.05449667,79.43977477379143,5234.712661743164,0.84249115,20.169285,381900,0.24080859,1273,7214,0.5748341083526611,-0.0010009559,45450
38220000,0.0063335174,297.97,0.03457,79.12896108843387,5238.877646446228,0.8418437,11.4343,382200,0.24366656,1274,7295,0.7809307277202606,0.0024031484,44422
38250000,0.004379695,298.24,0.04793,82.97101722836494,5242.996743440628,0.8411163,8.713291,382500,0.26167613,1275,7339,0.8098890483379364,0.00090282655,46640
38280000,0.020486293,298.56,0.03674667,81.79469524256885,5247.090474128723,0.8399809,14.411029,382800,0.25292715,1276,7337,0.660554975271225,0.0049601696,44688
38310000,0.005465458,298.06,0.05477667,79.83756833449006,5251.185181856155,0.8392376,15.663821,383100,0.24131674,1277,7341,0.6914265751838684,0.0002023001,47196
38340000,0.0019043048,296.25,0.011766667,82.09583073295653,5255.2775955200195,0.8385208,15.664126,383400,0.24918444,1278,7394,0.7086281180381775,0.0003175728,45376
38370000,0.0023808859,298.3,0.022283332,79.21095060229301,5259.34069943428,0.8372755,12.350433,383700,0.24988244,1279,7230,0.7499074637889862,-0.00015620666,46224
38400000,0.007398239,299.15,0.021163333,80.65366385422647,5263.49622297287,0.8361634,8.666899,384000,0.25919762,1280,7305,0.7417333424091339,0.000833017,47160
38430000,0.01647241,297.57,0.06795666,78.2871724498272,5267.6092574596405,0.8351138,12.308443,384300,0.24110693,1281,7350,0.7531830966472626,0.0017633531,45398
38460000,0.0029545552,295.91,0.025630001,80.61285526923835,5271.697093963623,0.8342651,13.292114,384600,0.25102812,1282,7416,0.7110182344913483,-0.00088004005,46920
38490000,0.0022094715,299.44,0.012716668,82.98557309001684,5275.748819112778,0.8332779,7.440431,384900,0.2667029,1283,7236,0.801263615489006,0.0034693487,46933
38520000,0.0024635543,299.31,0.023516666,78.33318203434348,5279.900603294373,0.8320359,7.380549,385200,0.25126678,1284,7289,0.8215878009796143,-0.0002035998,45697
38550000,0.007677057,295.06,0.098423325,78.62106108285487,5284.022296905518,0.83037376,18.817516,385500,0.23028187,1285,7544,0.7294878661632538,0.0036246968,46635
38580000,0.011579565,298.71,0.041106664,85.05284506425261,5288.006104707718,0.8293074,9.74113,385800,0.26895607,1286,7505,0.7334984540939331,0.0019791634,46950
38610000,0.004323146,291.28,0.04231333,82.35836773708462,5292.031898498535,0.8280657,15.269995,386100,0.24995138,1287,7305,0.7569430768489838,0.002219044,43853
38640000,0.0037266507,299.55,0.04038,75.02655771017075,5296.145442247391,0.8268868,4.9210863,386400,0.24506359,1288,7398,0.9124074354767799,0.0005116096,47145
38670000,0.0028050854,296.69,0.025369998,80.38826839163899,5300.206045150757,0.82578313,14.909765,386700,0.24361879,1289,7280,0.7503084093332291,-0.00012548451,46486
38700000,0.012639543,299.79,0.15509334,82.11934643238783,5304.333311796188,0.8249922,4.586295,387000,0.26874435,1290,7391,0.812845304608345,0.0044840546,44365
38730000,0.0130926985,299.28,0.14493668,79.12854210443794,5308.397871017456,0.8238883,6.60258,387300,0.25384176,1291,7514,0.8193666189908981,0.0034872654,46916
38760000,0.007402605,297.57,0.08924332,83.04313910476863,5312.396350622177,0.8224303,12.313058,387600,0.2572545,1292,7367,0.7770594358444214,0.0017405711,46038
38790000,0.0047055734,299.49,0.05589667,82.95453790180385,5316.474253177643,0.8204835,6.3173966,387900,0.26660112,1293,7265,0.8107201009988785,0.001147696,44284
38820000,0.0034645994,298.67,0.032799996,83.08196716837585,5320.609352588654,0.81853914,7.455121,388200,0.26707804,1294,7432,0.7913891971111298,-0.00037150612,45072
38850000,0.003584745,298.78,0.032643333,80.21193297088146,5324.652197360992,0.81660414,6.837425,388500,0.25766888,1295,7484,0.8119010329246521,-0.0011774877,47023
38880000,0.0033231382,299.49,0.033703335,80.89361591219902,5328.666059017181,0.8151234,5.27763,388800,0.2649048,1296,7323,0.8383222371339798,-0.0009814489,46930
38910000,0.002863451,298.52,0.024350002,79.06896682970226,5332.768731355667,0.8135563,8.462269,389100,0.25368336,1297,7289,0.8419933170080185,-4.6284754e-06,46856
38940000,0.00325524,299.42,0.02427,84.11733104340732,5336.890342473984,0.81203043,4.8751006,389400,0.27566484,1298,7585,0.7776436805725098,0.0004802064,45932
38970000,0.0044904076,300.0,0.051083334,79.98432891458273,5340.851758241653,0.80917853,1.762818,389700,0.2666144,1299,7514,0.9395664632320404,0.00042037357,45941
39000000,0.005429104,298.32,0.06649,82.88365483134984,5344.849854230881,0.80576265,13.454718,390000,0.26209396,1300,7457,0.6518813371658325,0.0017955176,46385
39030000,0.0036915902,299.57,0.039410003,78.03967355109751,5348.891710281372,0.8035692,4.9841413,390300,0.25531286,1301,7185,0.838929757475853,0.0033737128,37582
39060000,0.0055111,299.43,0.026723335,83.95929214894771,5353.0727689266205,0.80212593,8.086634,390600,0.2700119,1302,7281,0.8054423332214355,0.00067151693,45552
39090000,0.0028844168,298.69,0.024153333,81.1649993416667,5357.199579000473,0.8011466,11.288524,390900,0.25602892,1303,7523,0.7493574619293213,-0.00096514483,44710
39120000,0.0021334868,298.71,0.018123332,83.00503832839429,5361.193479537964,0.80014527,9.923034,391200,0.26221672,1304,7503,0.7179941236972809,0.00034570665,47701
39150000,0.005567677,296.67,0.05822333,80.65097713559867,5365.197959899902,0.79892236,13.880133,391500,0.24916372,1305,7418,0.7854415029287338,0.0004943631,44967
39180000,0.009131353,300.0,0.07108667,82.91007823981344,5369.248968601227,0.7981671,2.819731,391800,0.27636692,1306,7321,0.9113022461533546,0.008248097,46959
39210000,0.0034008182,296.62,0.032029998,83.31968894734979,5373.352663040161,0.7974003,12.837425,392100,0.25814056,1307,7282,0.7919048964977264,0.0026139454,46149
39240000,0.0017171347,298.56,0.012706665,79.79051123589278,5377.478529453278,0.79669535,11.139284,392400,0.25138196,1308,7335,0.7844052314758301,-0.00048282364,46407
39270000,0.001986696,297.38,0.017043334,82.11248599551618,5381.574111461639,0.796054,17.66586,392700,0.24996494,1309,7401,0.6699216365814209,0.000515936,46740
39300000,0.0031662323,299.04,0.03336667,78.2037183687836,5385.633919715881,0.7954774,8.433756,393000,0.2510454,1310,7445,0.8291512131690979,1.0701525e-05,45431
39330000,0.0042735403,300.0,0.041303337,84.67079281717538,5389.668888092041,0.794394,2.447474,393300,0.28223598,1311,7422,0.9104840233922005,0.0028908895,45526
39360000,0.004578791,298.32,0.04802667,80.88130335703492,5393.7163002491,0.7926167,8.404819,393600,0.25985557,1312,7512,0.7930564433336258,-0.00070960086,44896
39390000,0.0032965876,299.04,0.024026668,80.43791071847082,5397.715553283691,0.79113835,8.267151,393900,0.2585576,1313,7315,0.809271901845932,-0.00062060036,47673
39420000,0.0038810864,298.11,0.03717666,80.77566582784057,5401.822816848755,0.789459,12.74596,394200,0.25522983,1314,7280,0.7253022789955139,-0.0017061721,45854
39450000,0.0027546447,295.45,0.023206666,80.91397795453668,5405.949873924255,0.7876294,7.7882333,394500,0.25666556,1315,7410,0.8485590070486069,0.00045412703,45868
39480000,0.0073553347,299.65,0.089626655,84.59316535249353,5410.003972053528,0.7859572,4.7084594,394800,0.27709213,1316,7398,0.8003388494253159,0.0005746934,46642
39510000,0.0036661862,299.45,0.038853336,78.18906829573214,5414.064763069153,0.7841223,5.2253,395100,0.2558167,1317,7323,0.8874837756156921,-0.0011520416,44958
39540000,0.002799989,299.74,0.024943333,82.78035927861929,5418.167350769043,0.78194004,5.8866343,395400,0.27098808,1318,7446,0.8745291084051132,0.00026714735,45265
39570000,0.0017909128,299.21,0.015180001,82.34166982449591,5422.203264474869,0.7798448,8.521087,395700,0.26479197,1319,7379,0.7760007977485657,-0.00039796383,45239
39600000,0.008926911,295.87,0.11558666,80.58484671667219,5426.275171279907,0.77813965,6.173067,396000,0.26205316,1320,7345,0.8335258215665817,0.003788881,46506
39630000,0.0051200837,300.0,0.06052333,84.88771716363728,5430.365783691406,0.7764367,1.6995251,396300,0.28295904,1321,7337,0.9427651576697826,0.0015886601,46900
39660000,0.0038965833,299.33,0.04045667,81.39655212186277,5434.460439443588,0.7742928,5.0512414,396600,0.26665485,1322,7394,0.8708241283893585,-5.422389e-05,46299
39690000,0.006576994,299.76,0.07542667,83.39801785357297,5438.523533344269,0.77183664,3.9882298,396900,0.27295622,1323,7371,0.9042045697569847,0.0014232942,46207
39720000,0.0060937153,299.0,0.07514,81.70144653573632,5442.599543333054,0.7691998,7.99426,397200,0.26279536,1324,7365,0.7894462496042252,0.0040614875,44557
39750000,0.0027079028,298.75,0.02306,82.4187431769073,5446.6785752773285,0.7676249,8.822706,397500,0.26520866,1325,7456,0.8343072533607483,-0.00016525928,47338
39780000,0.003293287,300.0,0.03191,85.16553121000528,5450.707896232605,0.765933,1.7786963,397800,0.2838851,1326,7317,0.9235669746994972,9.4642506e-05,43583
39810000,0.002945563,297.11,0.03021,80.05848457977176,5454.825708150864,0.76294696,8.544523,398100,0.25775665,1327,7641,0.8331876546144485,-4.1302894e-05,47972
39840000,0.005077035,298.01,0.05569,81.69901370383799,5458.757896900177,0.7604518,5.353162,398400,0.2643683,1328,7327,0.8844914063811302,0.00029268046,44149
39870000,0.0041779284,300.0,0.047009997,83.86403398603201,5462.85813832283,0.7581709,1.6363214,398700,0.27954677,1329,7400,0.9370788708329201,0.0005112331,47017
39900000,0.0029355076,298.46,0.02705,88.28997972153127,5466.91793346405,0.75566816,15.983645,399000,0.2748681,1330,7326,0.6190868318080902,0.00023804206,46357
39930000,0.005708457,297.01,0.05443,82.44274591490627,5471.030663967133,0.7542429,22.751215,399300,0.24594758,1331,7517,0.6187339425086975,-0.0007472135,47027
39960000,0.0024053752,298.84,0.01964,82.14741050004959,5475.027989864349,0.75353765,8.599709,399600,0.26439002,1332,7381,0.7793075889348984,0.00069229736,45426
39990000,0.002305451,298.41,0.02038,82.81537210546433,5479.098800420761,0.752624,10.983694,399900,0.26173422,1333,7402,0.7738829404115677,-0.0010847652,46093
40020000,0.003252179,299.1,0.02986,85.28899483792483,5483.157445907593,0.7517144,7.632304,400200,0.27468497,1334,7424,0.8062327206134796,-0.00031056534,44719
40050000,0.0023712255,299.09,0.019596666,85.3639883723855,5487.204035043716,0.7507108,8.2418995,400500,0.27493513,1335,7391,0.8043004870414734,-0.0016941518,45393
40080000,0.003388232,299.42,0.018889999,80.24158871978521,5491.269088983536,0.7495219,5.342243,400800,0.26277784,1336,7485,0.8791410475969315,0.0015838752,46670
40110000,0.002342411,298.57,0.015073334,84.58242290355265,5495.2829394340515,0.748455,7.839244,401100,0.27209347,1337,7442,0.7970174551010132,3.755893e-05,46752
40140000,0.0018547231,296.09,0.01074,83.34582000501455,5499.320313215256,0.7474197,18.34191,401400,0.25401086,1338,7405,0.7288383841514587,-0.0011586826,47021
40170000,0.0037651286,300.0,0.025446665,78.04810977093875,5503.377774477005,0.74662215,2.1002052,401700,0.26016036,1339,7426,0.9471381828188896,0.0020915049,46033
40200000,0.0028594092,297.73,0.02618,82.49870507284999,5507.423949480057,0.7449672,15.14178,402000,0.25576347,1340,7653,0.7210800051689148,0.00085368566,46532
40230000,0.003000841,298.57,0.031193335,85.83010068297386,5511.349991321564,0.74349916,10.384149,402300,0.27164188,1341,7238,0.7702478468418121,0.0004322576,44222
40260000,0.0016883772,299.22,0.011740001,81.31824523165822,5515.501036643982,0.74203515,8.19799,402600,0.2613297,1342,7306,0.8130317181348801,8.782911e-05,45140
40290000,0.004318565,296.35,0.043336667,87.21886638343334,5519.613183259964,0.7406826,12.272734,402900,0.27690938,1343,7368,0.7344093322753906,0.000148196,45439
40320000,0.0021122857,298.93,0.015496666,88.46831312350929,5523.690250635147,0.739291,8.300213,403200,0.28541055,1344,7481,0.7117074728012085,0.00027232844,45047
40350000,0.0033691805,297.81,0.033103332,85.71044639311731,5527.719042778015,0.73799855,16.469664,403500,0.26666424,1345,7498,0.6241149306297302,-0.0010981438,47102
40380000,0.0028281957,297.16,0.019066667,82.96124079212547,5531.726444244385,0.73688835,14.543378,403800,0.25223172,1346,7398,0.7534801065921783,6.537812e-05,45867
40410000,0.0026810847,299.41,0.0217,85.38011994346977,5535.787472724915,0.7359471,6.600984,404100,0.27475715,1347,7290,0.8165119290351868,0.00018749725,45077
40440000,0.0033825845,298.73,0.027660001,82.32675616301596,5539.909255027771,0.73475754,11.148803,404400,0.25995204,1348,7471,0.8095566481351852,0.00047895435,46655
40470000,0.0030340482,298.12,0.03177,86.37700100548565,5543.930692195892,0.7337991,11.238265,404700,0.27345768,1349,7283,0.737237423658371,-0.00043176097,45839
40500000,0.0029785526,300.0,0.0244,85.683801182881,5548.055987358093,0.73224175,1.9298172,405000,0.2856127,1350,7559,0.9269557595252991,0.0006419694,46960
40530000,0.0021713036,298.45,0.01468,82.90409146800637,5552.030834674835,0.7283277,12.287075,405300,0.26202327,1351,7286,0.7917681336402893,-0.00015405621,46696
40560000,0.004947231,300.0,0.05988,87.77721972435712,5556.15469288826,0.7250563,1.7733097,405600,0.29259074,1352,7617,0.8847188502550125,-9.418959e-05,45900
40590000,0.005037026,298.43,0.05419,86.56198496200145,5560.0986328125,0.7211983,12.925154,405900,0.2742543,1353,7370,0.6536916792392731,-0.0012282062,47195
40620000,0.0026174078,300.0,0.02062,91.83923946470023,5564.174811124802,0.7184624,1.4671968,406200,0.3061308,1354,7366,0.8975956290960312,0.00045011807,44788
40650000,0.0035700344,298.89,0.027509999,87.27660701438785,5568.265874862671,0.71565324,11.53144,406500,0.2762731,1355,7371,0.7387784123420715,-0.00018036734,48013
40680000,0.001616424,298.79,0.010753334,88.37172460094094,5572.34181022644,0.71354467,9.406077,406800,0.27997658,1356,7385,0.7884345352649689,0.000279354,45202
40710000,0.0020743492,299.39,0.01454,84.29604063414037,5576.409863471985,0.7117078,7.3812933,407100,0.27116802,1357,7388,0.7796361148357391,0.000862538,46451
40740000,0.0022426052,298.96,0.02091,87.5690565932542,5580.476478815079,0.71012753,7.897522,407400,0.28229934,1358,7291,0.6498870551586151,-0.00022055321,45043
40770000,0.0026519697,300.0,0.023036666,86.07227009095251,5584.596743583679,0.70800114,2.5185466,407700,0.28690755,1359,7365,0.9328491613268852,0.000489808,46970
40800000,0.0011189822,297.23,0.0072833337,85.49592555850744,5588.6760420799255,0.70568323,15.709908,408000,0.26592457,1360,7368,0.6998102962970734,0.00056042767,45287
40830000,0.001699235,298.81,0.013406667,83.50678343310952,5592.753578424454,0.7039571,9.315058,408300,0.26896292,1361,7466,0.7652696967124939,-0.0005111112,46669
40860000,0.00412409,299.28,0.044716667,91.72715742498636,5596.777676820755,0.70230144,8.448097,408600,0.29590267,1362,7437,0.7152731120586395,1.721393e-05,46901
40890000,0.0038915505,299.44,0.040650003,85.10566917009652,5600.817288398743,0.7006339,5.446431,408900,0.27897477,1363,7583,0.7864409685134888,-0.001378,45447
40920000,0.0067585423,299.55,0.047716666,85.03845560126007,5604.779646158218,0.6987413,5.4289365,409200,0.278665,1364,7294,0.8571794629096985,0.0018165412,45728
40950000,0.0022422792,298.33,0.014313335,88.58944511324167,5608.898774623871,0.6968533,13.198679,409500,0.28082332,1365,7393,0.6560202240943909,-0.00044424753,45613
40980000,0.0017668686,299.32,0.013259999,85.69060054853558,5612.962737560272,0.6954528,3.8341165,409800,0.28079864,1366,7145,0.898201622068882,-0.00075070857,43312
41010000,0.002841008,298.68,0.02291,89.4058465526998,5617.167243480682,0.69393325,8.642844,410100,0.28872085,1367,7467,0.6718972027301788,-0.00043972168,45527
41040000,0.002729721,300.0,0.025513332,83.8433363018185,5621.191362142563,0.6925699,1.8995731,410400,0.27947778,1368,7458,0.9392105452716351,-0.00013114049,45333
41070000,0.0032805155,298.98,0.026806667,87.91457932263613,5625.219669342041,0.6910946,9.928874,410700,0.2781456,1369,7388,0.7564403712749481,-0.0004903455,47123
41100000,0.0037211627,298.12,0.036623336,84.95479570835829,5629.285841226578,0.68936574,14.680051,411000,0.25885487,1370,7528,0.7606742829084396,4.8669357e-05,45513
41130000,0.008815762,298.74,0.10784666,83.55691178753972,5633.277048110962,0.6880518,11.129117,411300,0.26398036,1371,7451,0.7396853566169739,0.0012680471,45439
41160000,0.0043878416,296.73,0.049193334,85.11342385962605,5637.309632301331,0.6871604,14.390879,411600,0.26461866,1372,7510,0.7192998826503754,0.00046407647,45885
41190000,0.003388144,298.78,0.03308333,86.95040312163532,5641.310908317566,0.68606657,12.345362,411900,0.27534103,1373,7313,0.745135635137558,-0.00022780793,43145
41220000,0.0030596,298.66,0.028703332,88.34792501404881,5645.419144630432,0.6850727,10.30278,412200,0.28001764,1374,7353,0.7430365979671478,0.00038975631,46596
41250000,0.005158095,299.57,0.059219997,89.91118442453444,5649.505498886108,0.6836544,5.2726703,412500,0.29488957,1375,7566,0.667699009180069,0.00054905313,46354
41280000,0.003637251,299.2,0.03717,87.93943847984076,5653.476628065109,0.681713,7.294538,412800,0.2834424,1376,7294,0.7195025086402893,-0.0016673483,45030
41310000,0.0037543955,298.85,0.043163333,82.69166146285832,5657.595449447632,0.67956966,10.169984,413100,0.2610671,1377,7454,0.7796909958124161,-0.00017320267,47034
41340000,0.0019856733,298.94,0.012889999,82.70970842950047,5661.626115560532,0.67827404,10.120271,413400,0.26106155,1378,7404,0.797702431678772,2.8855033e-05,46657
41370000,0.003852989,300.0,0.04352,89.68496089957654,5665.683403491974,0.67685425,1.4727354,413700,0.29894987,1379,7280,0.9034808799624443,0.0013748242,47168
41400000,0.0044054766,299.68,0.04947,85.31359358564019,5669.809981584549,0.6742587,4.2351265,414000,0.27945152,1380,7233,0.8880664706230164,-0.00054288044,45333
41430000,0.0040975143,299.59,0.032183334,91.57821086041629,5673.963431358337,0.67156076,4.534355,414300,0.30036378,1381,7352,0.8583454489707947,0.0018357703,45688
41460000,0.0028250974,297.36,0.02771,86.87122002929449,5678.049438714981,0.6697447,19.887407,414600,0.2605226,1382,7371,0.657349020242691,0.0007733174,45598
41490000,0.0033294638,299.81,0.03169667,90.6975247721374,5682.126487970352,0.6686872,4.9425874,414900,0.29732248,1383,7413,0.7804708480834961,0.0006193465,46409
41520000,0.0043099253,300.0,0.04899333,86.32392791055143,5686.179747343063,0.6672166,1.8240573,415200,0.28774643,1384,7228,0.9415229335427284,0.0006696467,44854
41550000,0.007014286,297.93,0.090273336,86.0105607803166,5690.336324214935,0.6651479,13.086949,415500,0.26761854,1385,7275,0.6926877200603485,-0.0006374197,45153
41580000,0.005017937,297.98,0.056949995,85.89372486308217,5694.46662569046,0.6638828,17.428148,415800,0.2670555,1386,7261,0.5520502626895905,-0.00013819945,44303
41610000,0.0023967375,296.88,0.01618,89.72675742536784,5698.604357004166,0.6631247,23.16385,416100,0.27049202,1387,7333,0.5978890359401703,0.00027376672,48726
41640000,0.0022688308,298.16,0.018236667,84.22850870251655,5702.701601028442,0.6626906,16.823038,416400,0.25634977,1388,7370,0.7729124575853348,0.0007303602,45436
41670000,0.004850027,298.83,0.04185,87.37190373264254,5706.77845954895,0.66217136,7.9928093,416700,0.2815592,1389,7248,0.7683901935815811,0.001694534,45290
41700000,0.002092608,298.78,0.01821,83.5933173019439,5710.9234182834625,0.66146654,6.259971,417000,0.26831883,1390,7385,0.8845801800489426,0.0032875512,46005
41730000,0.0022527247,297.94,0.021616666,82.95283997379244,5714.991788387299,0.6604849,15.694552,417300,0.2520284,1391,7489,0.7901156842708588,0.00017458036,46703
41760000,0.0051222015,299.45,0.028006667,90.13934782840312,5719.003640413284,0.65942955,5.3477526,417600,0.29574075,1392,7418,0.8595233410596848,0.0028490562,47774
41790000,0.0028296562,300.0,0.021963334,83.84909903921186,5723.054180622101,0.6582795,2.268394,417900,0.279497,1393,7445,0.9445955380797386,0.00077007513,46308
41820000,0.002879278,297.19,0.024713334,84.13662161149085,5727.089348316193,0.65702677,22.409943,418200,0.24661472,1394,7476,0.6859307289123535,0.0015716238,45709
41850000,0.0065320707,298.88,0.08152666,85.76867222212255,5731.108122587204,0.6562274,14.239392,418500,0.2661988,1395,7391,0.6617515087127686,0.0011671961,45978
41880000,0.0033405167,299.68,0.03478,87.9174751508981,5735.17275929451,0.6555518,5.0083966,418800,0.28816283,1396,7317,0.7894851863384247,-0.0015013186,44763
41910000,0.003896451,300.0,0.043183334,88.22718363210559,5739.278799057007,0.6535548,1.5939043,419100,0.29409063,1397,7462,0.9218336269259453,-0.001256352,48303
41940000,0.003555081,299.58,0.03384333,91.90744945339858,5743.30540394783,0.6502465,6.8996325,419400,0.2964166,1398,7379,0.7646331936120987,0.00011760906,46327
41970000,0.0057358425,299.24,0.059093334,84.808844794631,5747.389147758484,0.6478917,3.9604716,419700,0.2775146,1399,7398,0.9298420250415802,0.0009031532,46875
42000000,0.0025957352,299.82,0.02185,86.92212710365654,5751.449977636337,0.64571136,3.7943122,420000,0.28473502,1400,7392,0.8518701940774918,7.137222e-05,46239
42030000,0.004646582,297.87,0.05399667,85.58410188086332,5755.5267696380615,0.64353764,11.34128,420300,0.27145928,1401,7248,0.7070581614971161,0.00022980648,38545
42060000,0.00307738,297.97,0.027986666,84.02973862051964,5759.671993970871,0.6422771,10.654715,420600,0.2655405,1402,7310,0.7984931319952011,-0.000389834,45134
42090000,0.0043555386,299.33,0.048753332,88.73424789719283,5763.7823214530945,0.6412733,7.504182,420900,0.28593597,1403,7219,0.7465660870075226,0.00033434448,46089
42120000,0.003756191,298.5,0.036793333,91.25441277272999,5767.944038152695,0.6405946,10.312574,421200,0.2898324,1404,7255,0.7723425775766373,0.00030744454,45777
42150000,0.0026366732,298.63,0.018543333,87.01729527927935,5772.0855939388275,0.64010406,10.036111,421500,0.27558124,1405,7388,0.8171273171901703,0.0011319073,46651
42180000,0.0015921533,298.86,0.010503334,85.80283229716122,5776.1522517204285,0.63956124,8.858213,421800,0.27142802,1406,7417,0.8056607395410538,6.62109e-05,46505
42210000,0.0034060548,298.68,0.033763334,87.85454824164509,5780.202981472015,0.6389057,10.1454525,422100,0.27837005,1407,7386,0.7691605091094971,-0.00030974328,44344
42240000,0.0020649207,298.38,0.013959999,86.22615873992443,5784.271339178085,0.6381388,12.228633,422400,0.26799864,1408,7546,0.7617113590240479,-0.0013090334,45380
42270000,0.0027402428,298.94,0.00774,87.96808167308569,5788.252637863159,0.6373198,10.311261,422700,0.2837347,1409,7442,0.7452883720397949,0.00054986606,47115
42300000,0.0021576101,297.57,0.01752,85.76358954668045,5792.289417982101,0.63647085,14.4047365,423000,0.26678973,1410,7463,0.7943340837955475,-0.0006351224,44810
42330000,0.0023550754,298.36,0.019616667,85.89661439657212,5796.315361738205,0.6357034,10.590452,423300,0.2719113,1411,7536,0.7368555068969727,-0.0007542748,48293
42360000,0.005299066,294.49,0.0327,85.54061363309621,5800.301971912384,0.6351654,30.7095,423600,0.24676122,1412,7489,0.6385803818702698,0.0021208622,47951
42390000,0.0026745196,299.41,0.0215,89.99550978966057,5804.31404542923,0.63479865,7.201876,423900,0.29012153,1413,7541,0.8027619272470474,-0.00018328949,46595
42420000,0.0043588383,298.69,0.044940002,87.75130673527718,5808.29808473587,0.63413966,12.031974,424200,0.27803126,1414,7286,0.7296108901500702,0.00076612056,46045
42450000,0.0066630156,299.42,0.05613,86.29150383748114,5812.421140432358,0.6334888,6.9235916,424500,0.2778035,1415,7430,0.8736315667629242,0.0032340493,44662
42480000,0.001192677,299.24,0.00563,82.18702021621168,5816.465062379837,0.63301456,8.158189,424800,0.264234,1416,7566,0.8476069420576096,-0.0006952785,46990
42510000,0.0026138003,299.09,0.022863332,86.99697428911924,5820.435616016388,0.63240826,10.898797,425100,0.27522042,1417,7378,0.7288084030151367,-0.00021484823,47065
42540000,0.003410066,300.0,0.028083334,91.01550077326596,5824.507983922958,0.6317326,1.9023517,425400,0.303385,1418,7514,0.9279877915978432,0.0006301552,47453
42570000,0.0034888387,299.23,0.041423332,87.83633268468083,5828.5063326358795,0.6309561,6.755601,425700,0.28299862,1419,7490,0.8386107683181763,0.00026017675,46346
42600000,0.002471748,297.81,0.017336667,90.00274080231786,5832.516978025436,0.63027275,14.928014,426000,0.28106856,1420,7493,0.692567378282547,0.0014918994,45431
42630000,0.0030981428,297.0,0.022606667,83.06440242111682,5836.526498556137,0.6298238,19.982279,426300,0.24822058,1421,7311,0.7383654117584229,7.164306e-05,46382
42660000,0.0031933323,298.94,0.031853333,84.12764916323125,5840.635394334793,0.6294366,8.875157,426600,0.27095202,1422,7358,0.8013302981853485,-0.00027785235,46808
42690000,0.0030404506,298.02,0.029196668,88.69650050669908,5844.7183718681335,0.629009,15.071894,426900,0.27653733,1423,7367,0.7445309162139893,0.00061678473,47026
42720000,0.0035328115,298.6,0.02716,85.36611287549138,5848.795735120773,0.6286788,10.321845,427200,0.27010235,1424,7504,0.809921607375145,0.0004054056,46199
42750000,0.0031086307,298.6,0.024553332,89.69921430066228,5852.8003096580505,0.62828946,10.073209,427500,0.28975397,1425,7553,0.6608863472938538,0.00023009966,48279
42780000,0.0037670992,299.56,0.023933332,87.76189704194665,5856.7783443927765,0.62738204,4.9035926,427800,0.28772408,1426,7449,0.8768484368920326,0.00056905556,47305
42810000,0.0034862787,299.59,0.03577,88.45425813101232,5860.811639070511,0.62580276,5.1249022,428100,0.2898675,1427,7228,0.8464821577072144,0.0005148825,46730
42840000,0.0030380096,299.23,0.027373334,83.54584666050971,5864.968107461929,0.6244398,5.1838074,428400,0.27375463,1428,7440,0.8931613713502884,-0.0005100877,46490
42870000,0.002696772,299.34,0.021123333,90.48004737474024,5869.005834102631,0.62314785,7.312899,428700,0.29173222,1429,7464,0.8011200129985809,-0.0002503856,46312
42900000,0.0029148234,299.56,0.024633335,89.01516872003674,5873.030825138092,0.62199295,6.4957085,429000,0.291927,1430,7595,0.8388448804616928,0.00027627026,47584
42930000,0.002298107,299.09,0.01531,86.38814034678042,5876.986654281616,0.6206571,4.917758,429300,0.28311896,1431,7579,0.8673938661813736,-0.0005416169,47628
42960000,0.003480028,297.68,0.036199998,85.50568024672567,5880.950860500336,0.61941296,6.0825605,429600,0.28048018,1432,7430,0.8648880273103714,-0.00026568034,47788
42990000,0.0047545256,297.98,0.049436666,87.8954752598703,5884.993890762329,0.61840016,10.612259,429900,0.2782302,1433,7329,0.7777246087789536,0.001773298,44113
43020000,0.0022297301,299.36,0.01757,92.00714385680854,5889.0932784080505,0.6176075,8.294306,430200,0.2968751,1434,7569,0.7032770216464996,-0.00022730189,46902
43050000,0.0020183967,298.2,0.013423333,88.61369647152722,5893.075350999832,0.6169462,14.032793,430500,0.27612188,1435,7368,0.7601821422576904,-6.956885e-05,48568
43080000,0.0040827906,300.0,0.040486667,89.73015286274254,5897.153440237045,0.61605006,1.8427643,430800,0.29910052,1436,7301,0.9456007964909077,-0.00043966583,46382
43110000,0.0044276575,300.0,0.048456665,91.42382661551237,5901.268142938614,0.61390513,1.4718115,431100,0.3047461,1437,7195,0.9475387223064899,-0.00011077001,47427
43140000,0.0068292627,298.82,0.08578666,85.78663343951106,5905.443786621094,0.61154,12.007825,431400,0.27138075,1438,7279,0.7800686955451965,0.00075861235,45062
43170000,0.0034122407,298.64,0.03191,88.22900792561471,5909.570762395859,0.6102272,11.748408,431700,0.2796965,1439,7414,0.7391633689403534,-0.0007475716,45589
43200000,0.0033498108,300.0,0.032076664,94.38658126756549,5913.623245954514,0.60938376,1.6018226,432000,0.31462193,1440,7194,0.8978883996605873,0.0007209219,45181
43230000,0.005381367,298.98,0.06520667,86.9100904033333,5917.811703205109,0.60846204,9.311938,432300,0.28014436,1441,7583,0.8040931820869446,0.00039373655,46872
43260000,0.0023512747,299.72,0.019856667,89.25881899021566,5921.773864984512,0.60777354,5.1947126,432600,0.29257283,1442,7402,0.8704547882080078,-9.4801755e-05,46846
43290000,0.0028897044,299.15,0.024473334,89.38227243207395,5925.832392454147,0.6065647,3.383239,432900,0.29274142,1443,7256,0.9238324388861656,-0.00079919875,45292
43320000,0.0028987597,300.0,0.024606667,90.98431011863053,5929.972397565842,0.6042038,1.6404606,433200,0.303281,1444,7243,0.9435911625623703,-0.0007365045,45842
43350000,0.0019808593,298.78,0.015216666,88.86972267754376,5934.119994163513,0.6005559,7.5643296,433500,0.28668064,1445,7418,0.8335821330547333,-0.0003795079,46292
43380000,0.0012953475,300.0,0.0084833335,87.09462299622595,5938.1707944869995,0.5980933,1.8011233,433800,0.29031542,1446,7464,0.9453974813222885,-0.0007231863,45997
43410000,0.0035730153,299.48,0.04127,92.19064482346177,5942.196067094803,0.59615576,6.573472,434100,0.29740363,1447,7508,0.852638766169548,2.110977e-05,47072
43440000,0.0054966034,297.46,0.06515334,92.3442375034839,5946.198220491409,0.5948661,15.156507,434400,0.28882712,1448,7417,0.7171066403388977,0.0020502107,43419
43470000,0.0011193973,298.82,0.0062533333,90.35546965070068,5950.249299049377,0.5941105,10.805146,434700,0.2866429,1449,7315,0.779157742857933,0.00021245147,47041
43500000,0.0048028775,298.88,0.054250002,86.53541774228215,5954.356804609299,0.59308565,8.265224,435000,0.27898085,1450,7277,0.8610744774341583,-9.859747e-05,44842
43530000,0.003855796,298.98,0.036933333,88.34826745077967,5958.4855098724365,0.59225,10.652086,435300,0.27980652,1451,7512,0.7965712994337082,0.00040997873,46908
43560000,0.002873044,299.03,0.02462,88.37552306778728,5962.484964847565,0.5916179,7.4638433,435600,0.28492805,1452,7239,0.8580316305160522,-0.0003167123,45212
43590000,0.0029562009,297.12,0.009400001,86.82909666121006,5966.635191679001,0.59091824,8.363523,435900,0.28006634,1453,7468,0.8359165340662003,0.001842459,45683
43620000,0.001857232,299.38,0.01203,85.89897192187607,5970.658264398575,0.5901622,4.876601,436200,0.2816233,1454,7455,0.914683111011982,-0.0009623457,46470
43650000,0.0037143186,296.94,0.03835333,89.92464245468378,5974.687920093536,0.5894501,18.87286,436500,0.27042177,1455,7584,0.739083856344223,-0.00026096244,47103
43680000,0.0026388855,298.74,0.02028,91.90298327066004,5978.6498067379,0.5888889,11.245355,436800,0.29176936,1456,7279,0.7415437996387482,-0.00027435302,46089
43710000,0.0035364714,299.48,0.033536665,90.0189310771972,5982.777097702026,0.58821064,4.5218,437100,0.29523134,1457,7564,0.8897368684411049,0.00015308885,47131
43740000,0.0017705135,299.66,0.011096667,87.64713520333171,5986.749533653259,0.58729523,5.9454703,437400,0.28727663,1458,7338,0.8610414117574692,-0.00052681385,45506
43770000,0.0010067679,298.11,0.0033800001,91.90950042925775,5990.843400478363,0.58658767,14.535143,437700,0.28666836,1459,7300,0.7139984667301178,0.00084099686,46354
43800000,0.0021562504,297.96,0.017953333,91.88393807500601,5994.959231853485,0.5861655,13.29716,438000,0.28643653,1460,7360,0.7492351830005646,-0.00027139595,45475
43830000,0.0018408826,299.42,0.00791,91.93833015352487,5999.042284965515,0.58582366,5.4341516,438300,0.301739,1461,7315,0.8592773526906967,0.00018036297,46168
43860000,0.001187747,298.95,0.00547,91.04136122614145,6003.149071216583,0.58533466,7.509539,438600,0.2939763,1462,7265,0.8396927118301392,-0.00022746038,44612
43890000,0.0021054663,299.3,0.016896669,93.03375958181918,6007.283767223358,0.58490753,8.146793,438900,0.3003707,1463,7227,0.7116363942623138,0.0006327018,45608
43920000,0.0010545416,296.01,0.007946666,83.65061594069005,6011.440946817398,0.5844403,22.262432,439200,0.25018895,1464,7495,0.7172977030277252,0.0004978861,45405
43950000,0.0021315557,298.39,0.018593334,90.53658258363605,6015.449413537979,0.5841552,10.820738,439500,0.28752592,1465,7283,0.7563619315624237,-0.00043944,44837
43980000,0.0030912755,297.64,0.025443334,88.59726338222623,6019.574271678925,0.58381563,11.608585,439800,0.28107566,1466,7523,0.8298311680555344,0.00060878025,47864
44010000,0.0031231267,297.67,0.029649999,92.88418439753353,6023.568379640579,0.58354294,7.228621,440100,0.30008778,1467,7376,0.7924467474222183,-0.00022108741,46813
44040000,0.0010611436,297.54,0.0034866664,89.950064477548,6027.641975641251,0.58326185,12.851756,440400,0.28031516,1468,7360,0.8248118758201599,0.00040648776,44510
44070000,0.0007267264,297.14,0.00374,91.53850695103407,6031.72372341156,0.5830457,17.153275,440700,0.28124505,1469,7431,0.7066824436187744,-0.00094610016,46597
44100000,0.0074313856,298.58,0.02945,83.53870099775493,6035.7674198150635,0.5828768,13.026648,441000,0.25884515,1470,7503,0.8055188655853271,0.0024820291,48454
44130000,0.0024505148,299.57,0.022113334,90.75191269375384,6039.771855831146,0.5825453,5.796881,441300,0.29768318,1471,7292,0.8622187674045563,-5.544835e-05,45749
44160000,0.0029182266,300.0,0.021526668,90.84221410259605,6043.892195940018,0.58155894,1.841032,441600,0.3028074,1472,7516,0.9331997781991959,0.00045247906,46444
44190000,0.0022437174,298.1,0.0148599995,84.92231795534491,6047.889615774155,0.5799614,13.275442,441900,0.263731,1473,7352,0.8171333074569702,-0.0008286933,45956
44220000,0.002403246,299.59,0.021273334,90.78044401355088,6051.976544857025,0.578972,4.8964715,442200,0.2977285,1474,7421,0.8369407057762146,-0.0015537663,44861
44250000,0.0032560267,298.78,0.030523334,89.3516684192419,6056.025104522705,0.57818115,11.64146,442500,0.28332883,1475,7451,0.7977502942085266,0.00031525694,44964
44280000,0.0019506387,299.53,0.018439999,87.18238351672888,6060.057137012482,0.5776371,5.7828565,442800,0.2857965,1476,7298,0.8964807689189911,0.00021707876,46986
44310000,0.00042916235,297.96,0.00121,86.91938151821495,6064.1742486953735,0.57725704,16.213375,443100,0.26539874,1477,7344,0.7752276957035065,-0.00018792882,45928
44340000,0.0012553456,298.93,0.006713333,94.10926505893468,6068.264564752579,0.576936,11.609375,443400,0.29904822,1478,7302,0.7122161686420441,0.00128872,45109
44370000,0.0036264479,299.51,0.042636663,91.06362461723387,6072.379716873169,0.5762559,6.2743826,443700,0.29865018,1479,7332,0.82606241106987,0.00015093194,45619
44400000,0.0037808288,298.6,0.039446663,91.74632683105767,6076.476950883865,0.575597,11.528942,444000,0.2914164,1480,7162,0.6723859012126923,-0.00049138407,44305
44430000,0.0011676423,298.75,0.0054066665,93.68450079761446,6080.672055244446,0.57505393,11.259997,444300,0.2977645,1481,7446,0.667268693447113,0.0008090974,48024
44460000,0.0045626806,299.49,0.060153328,90.74903684146702,6084.707176923752,0.57458514,5.4131765,444600,0.29776457,1482,7429,0.8400818407535553,0.0002006294,43850
44490000,0.0053205206,300.0,0.063766666,91.71302071198821,6088.750901937485,0.57376915,1.5990307,444900,0.30571008,1483,7354,0.9352613240480423,0.0001843559,45788
44520000,0.0028946274,298.46,0.025150001,90.93861621394754,6092.836212873459,0.5726393,13.639589,445200,0.28359225,1484,7361,0.7330318689346313,-0.0005535041,46276
44550000,0.0013943291,298.68,0.008796667,90.5308440874517,6096.917378425598,0.5719689,11.0178585,445500,0.2872942,1485,7458,0.8146774768829346,-0.00030344288,45337
44580000,0.0019962876,298.96,0.015506667,93.21387785851955,6100.946201086044,0.5715243,7.1853623,445800,0.30098927,1486,7492,0.8225356340408325,0.00048372213,45928
44610000,0.003072075,297.43,0.029319998,87.22454682119191,6104.9565970897675,0.5711044,8.262621,446100,0.28109044,1487,7367,0.8581485450267792,0.00011259726,46264
44640000,0.003135961,299.41,0.029336667,91.30653659172356,6109.035079956055,0.57066846,4.725147,446400,0.2996557,1488,7274,0.8395759165287018,0.0006550333,45954
44670000,0.001466114,299.42,0.0063566663,90.68668567933142,6113.165206193924,0.57024974,6.879677,446700,0.2924183,1489,7378,0.8421580046415329,-0.0004537268,45880
44700000,0.0011810736,300.0,0.0052066664,94.2931560626626,6117.237147808075,0.5696237,1.8369772,447000,0.31431052,1490,7571,0.9153323471546173,-0.00069130166,44619
44730000,0.0009172121,298.01,0.0041133338,90.67320471301674,6121.205249071121,0.5686005,18.221771,447300,0.27802145,1491,7497,0.7437367141246796,-0.00017288513,46706
44760000,0.0012616612,297.88,0.008509999,87.66653446502984,6125.212944984436,0.56804717,15.550331,447600,0.2678525,1492,7372,0.7863018214702606,0.0004894066,46617
44790000,0.004261721,298.66,0.022826668,86.20580985374748,6129.288474082947,0.5676901,8.093245,447900,0.27777395,1493,7277,0.8650884032249451,0.00029222012,45113
44820000,0.001586648,298.88,0.012496667,91.20550292171538,6133.417375087738,0.56733775,10.588949,448200,0.2893462,1494,7378,0.7408294975757599,0.00023540242,44818
44850000,0.0026030645,298.5,0.014106667,91.56858668915928,6137.490782737732,0.5670278,9.060212,448500,0.2906502,1495,7184,0.8311111927032471,-0.00012321983,45439
44880000,0.001953541,299.68,0.012449999,92.50546787425876,6141.6730098724365,0.5664786,4.8768096,448800,0.3033476,1496,7241,0.8491005152463913,0.00065482175,46279
44910000,0.0024022856,296.99,0.014810001,89.5720383669436,6145.822017908096,0.56579363,14.532016,449100,0.2795787,1497,7418,0.7932396531105042,0.00030136755,46653
44940000,0.0011670658,299.51,0.006566667,88.91967404052615,6149.871815443039,0.565338,7.6358924,449400,0.2864695,1498,7549,0.8627771139144897,0.0006913072,45911
44970000,0.002788289,300.0,0.029686665,91.66541418075562,6153.851667404175,0.5646691,1.7296594,449700,0.30555138,1499,7241,0.9244286045432091,-0.00076973427,44731
45000000,0.00398241,298.66,0.04112333,90.13377372413873,6158.000662088394,0.56353474,8.26509,450000,0.29095224,1500,7247,0.8460090607404709,0.0011753942,47240
45030000,0.0018594582,298.75,0.01147,89.84555674992502,6162.158369064331,0.56278723,7.9173822,450300,0.28973943,1501,7191,0.8438743948936462,0.00025693755,37636
45060000,0.00457728,300.0,0.056423336,91.12060979671776,6166.33588218689,0.562154,1.9042642,450600,0.30373538,1502,7481,0.9450770355761051,-0.0003939887,46816
45090000,0.002282165,298.58,0.014446666,92.98447637677192,6170.3515956401825,0.56111217,7.517839,450900,0.3001726,1503,7622,0.7790099680423737,-0.00065054424,46614
45120000,0.0025189123,298.1,0.017386667,88.99835061170161,6174.293259859085,0.56035644,18.429213,451200,0.27229485,1504,7419,0.745749831199646,0.00073268183,47483
45150000,0.0041817618,297.19,0.046030004,91.60115264683962,6178.34269285202,0.5599549,11.861857,451500,0.29107562,1505,7216,0.7643298953771591,0.00013667243,45836
45180000,0.0009889484,297.87,0.005336666,88.59251186408102,6182.5063643455505,0.55968213,18.694098,451800,0.27119657,1506,7348,0.726680725812912,-0.00018896558,45623
45210000,0.0074367383,296.04,0.09449001,95.17097483694553,6186.595491886139,0.5594697,16.508638,452100,0.2974998,1507,7535,0.6453462839126587,0.0020617452,47992
45240000,0.003362051,300.0,0.033463337,91.32110723108053,6190.595282793045,0.5591012,1.8762032,452400,0.30440372,1508,7500,0.9437007755041122,0.0010197401,47248
45270000,0.005865463,298.23,0.07289667,90.90568840309977,6194.600396156311,0.558197,12.709078,452700,0.28303418,1509,7398,0.8045931458473206,0.0016107404,45945
45300000,0.0021960365,298.96,0.015369998,92.018683648929,6198.6614010334015,0.55757654,9.284524,453000,0.2970416,1510,7315,0.7876492738723755,6.294184e-05,45441
45330000,0.005893925,296.86,0.07627,90.4102848213911,6202.768510103226,0.55716586,14.267886,453300,0.28275988,1511,7474,0.7480593621730804,0.0013500686,45962
45360000,0.0044476986,299.61,0.051916666,87.60736378379166,6206.788060426712,0.55683506,4.5033894,453600,0.2871532,1512,7370,0.9092077165842056,0.00012093653,46527
45390000,0.0015523499,299.24,0.0066099996,90.84943197406828,6210.864101648331,0.55643713,8.010965,453900,0.2931227,1513,7353,0.8104235231876373,-0.0002732196,47786
45420000,0.0025637299,298.82,0.021656666,92.96649416185916,6214.949616909027,0.55592775,4.1672516,454200,0.30495125,1514,7180,0.8697012513875961,0.0012742892,47214
45450000,0.0020265798,297.37,0.016856667,90.91195128463208,6219.133359909058,0.55536056,9.541447,454500,0.28857702,1515,7371,0.8155092895030975,0.00024793443,44684
45480000,0.0017909938,299.11,0.016393334,83.55885344289243,6223.208811044693,0.5548891,8.537618,454800,0.2689014,1516,7303,0.8764099329710007,0.00042037567,45443
45510000,0.0019007794,299.2,0.015996667,91.76256633825601,6227.322397708893,0.5545498,9.206381,455100,0.2962113,1517,7313,0.7189408540725708,-0.00022480772,46740
45540000,0.002855895,296.95,0.025780002,89.76506354749203,6231.430687427521,0.5542312,10.7143755,455400,0.28516898,1518,7334,0.822583332657814,-0.00037951622,45309
45570000,0.0017551212,299.05,0.0119900005,94.6877510203421,6235.527190923691,0.55392194,9.919584,455700,0.3009084,1519,7608,0.7793407738208771,0.0004923439,44782
45600000,0.0018643826,299.16,0.010530001,96.34370452210307,6239.476205825806,0.5535229,6.5536246,456000,0.31138536,1520,7397,0.7842666804790497,0.0005481016,45366
45630000,0.0033688894,299.44,0.03696667,91.05294244877994,6243.551349401474,0.55276674,5.8442616,456300,0.29879194,1521,7550,0.7920226156711578,-0.0013374772,46814
45660000,0.0011880689,298.57,0.0045066667,91.08689300373197,6247.530764341354,0.55188966,11.887625,456600,0.28919765,1522,7350,0.7879716753959656,-0.00031657418,46900
45690000,0.003993771,298.37,0.044626664,88.99266876116396,6251.61852312088,0.5513837,5.9904184,456900,0.29234987,1523,7388,0.8990509063005447,-0.000987264,46028
45720000,0.0023211255,299.14,0.02134,95.15104087740183,6255.685130357742,0.5509304,7.158328,457200,0.30747652,1524,7283,0.8191766887903214,-0.0012269366,48767
45750000,0.0023140805,299.13,0.017973334,94.11975103721022,6259.810262441635,0.5502744,9.8031645,457500,0.30414414,1525,7546,0.7629507631063461,0.00018158914,46479
45780000,0.0010226556,299.43,0.0029266668,95.06211745299399,6263.791338920593,0.5496192,5.004692,457800,0.31216824,1526,7381,0.8314644396305084,0.0006664051,46020
45810000,0.0014109763,300.0,0.00669,93.99527051463723,6267.861110925674,0.54870087,1.8944452,458100,0.31331757,1527,7335,0.9181474149227142,0.00034441066,45873
45840000,0.0021361741,299.2,0.019156668,88.9925636048615,6271.956658601761,0.5474593,6.2710886,458400,0.28686902,1528,7240,0.8790204226970673,-9.49736e-05,45444
45870000,0.0020564892,299.44,0.0124366665,93.48165874175727,6276.1061272621155,0.5465591,5.487023,458700,0.3068874,1529,7439,0.8359623104333878,0.00011152691,47581
45900000,0.0022645737,300.0,0.016190002,90.97547897517681,6280.144232273102,0.5458492,1.8062646,459000,0.3032516,1530,7351,0.9355833753943443,-0.0009385041,46966
45930000,0.0010976053,299.65,0.0063366666,91.20423776611686,6284.231352567673,0.5451726,4.0690603,459300,0.2991184,1531,7291,0.8765068203210831,-0.0005078027,45590
45960000,0.0031123976,298.18,0.031573333,93.34264869458974,6288.351737737656,0.5443693,6.348188,459600,0.30717677,1532,7293,0.8218144774436951,-0.00043732222,45800
45990000,0.006457328,297.41,0.08528333,92.20318517334759,6292.471720218658,0.54366416,20.185415,459900,0.28334203,1533,7520,0.6637476086616516,0.00020187088,44178
46020000,0.0011705933,298.41,0.0035166666,92.96685817837715,6296.466902256012,0.54330313,15.18528,460200,0.29050362,1534,7275,0.6676493287086487,-5.305024e-05,45502
46050000,0.0015589881,298.08,0.009873333,89.584599378556,6300.596699476242,0.543059,18.473232,460500,0.27427554,1535,7515,0.7438110709190369,-0.00086588674,46013
46080000,0.0016624276,298.79,0.013376668,87.31371681168676,6304.595381975174,0.5428821,9.624959,460800,0.27649483,1536,7330,0.8512431085109711,-0.00036857245,43358
46110000,0.0006356497,296.02,0.0022733335,92.28953415714204,6308.693691492081,0.54261315,17.976994,461100,0.28382713,1537,7258,0.7189663946628571,0.00024046178,44947
46140000,0.004796789,299.04,0.055563338,90.91599166497588,6312.833037137985,0.5422927,6.9581504,461400,0.29345924,1538,7306,0.8695950359106064,0.0012510556,45417
46170000,0.002366325,300.0,0.017456666,86.78519273079932,6316.944942712784,0.54189336,2.643419,461700,0.289284,1539,7369,0.9436664991080761,-0.00035226045,46199
46200000,0.0025662542,299.58,0.020286668,88.55745948262512,6321.021406412125,0.5412283,4.7706575,462000,0.29037488,1540,7450,0.9012187123298645,-0.00084872945,44658
46230000,0.0012322753,299.4,0.00904,92.85666168347001,6325.053923606873,0.5406294,4.7042656,462300,0.3047509,1541,7434,0.8952054679393768,0.0014413825,45847
46260000,0.0021751262,300.0,0.01382,90.6515559784323,6329.095194578171,0.53991115,2.4323466,462600,0.30217186,1542,7219,0.929717667400837,0.0003990683,46739
46290000,0.0018378783,299.12,0.014106667,94.08485282987357,6333.256861209869,0.53890204,7.324382,462900,0.30393344,1543,7354,0.816515326499939,0.00019629087,45951
46320000,0.0034621116,299.53,0.03383667,93.06754926159978,6337.342312574387,0.5381311,5.6522923,463200,0.30541962,1544,7418,0.8434752970933914,-0.0002641215,46901
46350000,0.002303051,298.78,0.016106667,95.39632772684098,6341.392358541489,0.5376097,12.90667,463500,0.30346078,1545,7409,0.5895342826843262,0.0010337606,44885
46380000,0.0023599952,297.82,0.018196667,93.39080996826291,6345.447468042374,0.5372956,15.742853,463800,0.28692964,1546,7450,0.7069248259067535,0.000982209,46316
46410000,0.0026936275,298.96,0.020213332,91.20287400089204,6349.481090784073,0.53700316,10.31633,464100,0.28933215,1547,7284,0.8088209629058838,0.0007633833,47344
46440000,0.0037022918,300.0,0.036226667,92.81614674389363,6353.605448246002,0.5363903,1.6671169,464400,0.30938718,1548,7276,0.9206722602248192,-0.0011960638,46144
46470000,0.0033688776,297.91,0.033323336,94.58089835286141,6357.734097480774,0.5350008,7.6260924,464700,0.30589667,1549,7401,0.7947947233915329,-0.00014038768,45045
46500000,0.0028722691,299.18,0.027970005,94.30625994190574,6361.793524980545,0.534022,4.8823395,465000,0.30952582,1550,7159,0.8565523326396942,-0.00086345745,47521
46530000,0.0011712573,299.57,0.0047966666,90.31884600251914,6365.9906232357025,0.53322667,6.546464,465300,0.29606777,1551,7434,0.8725969791412354,-0.0010072098,46735
46560000,0.0017218657,299.14,0.012416666,93.16695884384215,6370.032027721405,0.5325905,5.530847,465600,0.30597746,1552,7438,0.89273302257061,0.00095011806,46646
46590000,0.0042559598,298.79,0.04537333,96.81145753100515,6374.071493148804,0.532007,6.5794663,465900,0.31875572,1553,7298,0.7408396303653717,0.0012107675,45057
46620000,0.0011341452,296.23,0.00682,88.11751810237766,6378.200837135315,0.5316139,18.587343,466200,0.26935753,1554,7388,0.7614443153142929,-0.00011946948,46304
46650000,0.0023304536,299.27,0.024803333,92.24489087343215,6382.267562866211,0.5313938,7.198282,466500,0.29770404,1555,7333,0.7969555109739304,-0.0007067768,46525
46680000,0.0024469288,300.0,0.017936666,93.7821090580523,6386.3641266822815,0.5309924,1.7801365,466800,0.31260702,1556,7426,0.9247273951768875,-0.00053201144,47499
46710000,0.002149877,300.0,0.020666668,87.54554346859454,6390.409659147263,0.53019863,1.9085624,467100,0.2918185,1557,7354,0.9671859182417393,-0.00070202176,46683
46740000,0.0008990598,299.23,0.0032566667,90.92973182030022,6394.494831085205,0.5295682,8.648102,467400,0.29338834,1558,7326,0.8478922992944717,0.00037747744,43554
46770000,0.0019219641,300.0,0.010173334,92.7636252295971,6398.595623016357,0.5290312,1.7015991,467700,0.3092121,1559,7261,0.9049719870090485,-0.00074112514,46115
46800000,0.001777995,300.0,0.012133333,94.21763529956341,6402.733224153519,0.5280947,1.7551209,468000,0.31405878,1560,7504,0.9359312504529953,-0.0006804005,47405
46830000,0.0026717107,298.28,0.029163335,96.09655405886471,6406.736981153488,0.52694345,12.534183,468300,0.30098492,1561,7337,0.7629833966493607,0.0011613511,45693
46860000,0.0012740267,298.43,0.006813334,91.4306512157619,6410.832533597946,0.52620465,13.699377,468600,0.28534856,1562,7466,0.7679271101951599,-0.00037574364,47237
46890000,0.0019794218,299.33,0.018756667,89.34881108760834,6414.856715679169,0.52581745,8.559919,468900,0.28806934,1563,7352,0.8226625323295593,-0.00076147047,44498
46920000,0.0011193607,297.16,0.0035699997,91.0048394293338,6418.943277359009,0.5255735,15.907484,469200,0.28364238,1564,7383,0.7629199624061584,-8.2468054e-05,46791
46950000,0.0019258972,298.5,0.014966667,93.01964561328292,6423.012328386307,0.5253859,13.526991,469500,0.29023156,1565,7276,0.7086625695228577,0.0007760568,41043
46980000,0.0006408525,298.53,0.0030333332,91.14671729668974,6427.141975641251,0.5252279,11.248017,469800,0.28941515,1566,7351,0.746808797121048,-0.00024069904,47251
47010000,0.001957426,297.39,0.012413333,92.40470340244472,6431.229198217392,0.5250055,14.06492,470100,0.28861785,1567,7354,0.7590868920087814,0.0004004428,45295
47040000,0.0010915325,299.02,0.0044700005,87.62437738530338,6435.31457233429,0.5247468,5.6451945,470400,0.28740275,1568,7322,0.8474158942699432,-0.00039665058,48881
47070000,0.0020783949,297.94,0.017736666,90.53294742561877,6439.417947053909,0.52450275,12.61397,470700,0.28748584,1569,7377,0.7924359142780304,-0.00039883307,48175
47100000,0.0006032352,299.55,0.0021033334,90.56511977896095,6443.490352630615,0.5242351,5.6503534,471000,0.29707414,1570,7497,0.8870718851685524,-8.393026e-06,45491
47130000,0.001233972,299.37,0.00619,92.48475948438049,6447.497900009155,0.52370113,3.6853538,471300,0.30318195,1571,7557,0.9294604063034058,-0.00024851822,48244
47160000,0.00070224504,298.71,0.0021466664,89.8569093773514,6451.473310947418,0.52295756,8.473996,471600,0.28991425,1572,7314,0.8334766626358032,-0.00018065826,46594
47190000,0.0016944762,298.3,0.013243334,94.42575295574963,6455.581529855728,0.52239335,5.2967033,471900,0.31025448,1573,7329,0.8218549489974976,-1.5511538e-06,43989
47220000,0.0015666236,300.0,0.0118,95.34262198455632,6459.6807906627655,0.5216199,1.8094547,472200,0.31780872,1574,7369,0.9218887612223625,-9.0297035e-06,45252
47250000,0.0014454832,299.55,0.008023334,93.74357252702117,6463.757510900497,0.52053154,5.622525,472500,0.30767703,1575,7405,0.8417952805757523,-0.0005262825,45208
47280000,0.0029395167,299.13,0.030796666,94.99688201539219,6467.814496517181,0.51946324,8.51758,472800,0.30702922,1576,7459,0.7932033389806747,0.000788428,49470
47310000,0.0016370896,299.49,0.008536667,94.24284858219326,6471.842641830444,0.5186821,4.9326315,473100,0.30939537,1577,7326,0.8457349836826324,-0.00056869123,46675
47340000,0.0014158204,299.01,0.01039,93.80170023046433,6475.943686008453,0.5179522,9.074007,473400,0.30313706,1578,7521,0.7940014451742172,9.810664e-05,47696
47370000,0.0021083958,298.93,0.01703,91.71195781804622,6479.938327074051,0.5174259,9.0252905,473700,0.29622024,1579,7509,0.8203684836626053,0.0008977939,46178
47400000,0.0029431677,298.94,0.025463333,94.3719192970544,6483.938991546631,0.51703036,12.216491,474000,0.29479602,1580,7240,0.7382431030273438,-0.0004443357,43666
47430000,0.00088213227,299.07,0.0048,93.9994671536982,6488.089181900024,0.5165898,9.89158,474300,0.29851088,1581,7429,0.7886704206466675,0.0012592929,46120
47460000,0.002266082,298.16,0.018093333,95.98148125484586,6492.13316988945,0.5161766,8.436473,474600,0.31098512,1582,7358,0.7831790596246719,-0.00061082345,47322
47490000,0.00081088644,298.77,0.004653333,92.36168184973299,6496.215919017792,0.51582813,14.111011,474900,0.29335612,1583,7462,0.7544509023427963,0.00020761776,46490
47520000,0.0017462189,297.7,0.01609,91.11307565018535,6500.241982460022,0.5156046,13.725569,475200,0.28445333,1584,7404,0.7499710023403168,-0.00046497927,44709
47550000,0.0029348885,300.0,0.027906667,92.08733743518592,6504.299783945084,0.5151928,1.6967704,475500,0.3069578,1585,7468,0.9023260176181793,-0.0012118338,46364
47580000,0.004339277,299.8,0.048496667,94.25391843780875,6508.322673082352,0.5144199,4.241109,475800,0.3091834,1586,7560,0.8894623890519142,0.00094768975,48789
47610000,0.0029604908,299.2,0.028993333,92.86944195657969,6512.297062397003,0.5136917,8.323303,476100,0.29985076,1587,7445,0.8128345012664795,-0.00013673914,46716
47640000,0.0023909905,298.52,0.017146667,89.29189439341425,6516.33203125,0.5129834,10.574324,476400,0.283288,1588,7463,0.808743342757225,-0.001051912,46178
47670000,0.001238792,298.68,0.0066699996,89.1560485034436,6520.358525514603,0.5124895,11.262413,476700,0.28273427,1589,7172,0.795109823346138,0.00058853056,45629
47700000,0.0015915636,299.71,0.01098,94.43320276059211,6524.547306060791,0.5120552,4.5421033,477000,0.30980292,1590,7361,0.8694861680269241,0.00087025575,45913
47730000,0.0031099084,300.0,0.02922667,93.07475822605193,6528.6284255981445,0.5114275,1.6848395,477300,0.31024918,1591,7458,0.9495350532233715,-0.00034432882,47553
47760000,0.0017807415,298.24,0.012293333,91.37630049020052,6532.656385421753,0.5103573,14.572159,477600,0.28486916,1592,7341,0.7342448532581329,0.00033028674,45854
47790000,0.0017345513,299.08,0.009453332,92.40766056455672,6536.74883723259,0.5097488,5.9641047,477900,0.3035143,1593,7308,0.7901568710803986,5.558819e-05,44299
47820000,0.002614304,299.62,0.022843335,94.65166061021388,6540.859600543976,0.50920844,3.8878098,478200,0.31053552,1594,7230,0.9071425125002861,-0.00047982126,43330
47850000,0.0042278655,297.0,0.026653334,93.68069660246373,6545.014765501022,0.50834376,17.812164,478500,0.28816897,1595,7354,0.7135966122150421,0.00066124246,44749
47880000,0.0029309462,300.0,0.02202,92.16470025621355,6549.099907159805,0.5076776,1.7690887,478800,0.30721566,1596,7467,0.9376904331147671,-0.0011603947,45883
47910000,0.0015220391,299.2,0.0093600005,89.60403294198215,6553.12296295166,0.506882,7.021048,479100,0.2941071,1597,7419,0.8781451880931854,-0.0006703961,45760
47940000,0.002328374,299.61,0.016793331,95.302591271922,6557.172514915466,0.5062718,4.813306,479400,0.3128056,1598,7496,0.8421850204467773,-5.7195924e-05,44118
47970000,0.00069106516,298.23,0.00331,94.41895860403775,6561.180527448654,0.50576437,12.824516,479700,0.29536805,1599,7130,0.7466950714588165,0.0003407216,45687
48000000,0.0008810291,299.36,0.0028300001,94.15163868665695,6565.394147634506,0.5053605,4.977755,480000,0.30906478,1600,7489,0.8389714509248734,-0.00020996717,46678
48030000,0.0006683806,298.98,0.0025,93.37787793681025,6569.4186182022095,0.50500566,9.0817995,480300,0.3016388,1601,7229,0.7880199551582336,-7.581937e-05,38636
48060000,0.0023524808,300.0,0.019906666,94.9761447570473,6573.574686288834,0.50464,1.5500518,480600,0.31658718,1602,7418,0.9434327557682991,-0.0009578688,44850
48090000,0.0015111528,298.44,0.008883334,91.80845775529743,6577.624374866486,0.50385106,9.349005,480900,0.29627746,1603,7535,0.8159233778715134,0.0009195662,43856
48120000,0.00081522745,298.88,0.0027033333,91.88510143361985,6581.611328840256,0.50317794,3.7378802,481200,0.3010327,1604,7197,0.9186289235949516,0.0014112722,46345
48150000,0.0013445129,299.73,0.0094,94.87698311895132,6585.7850160598755,0.5024399,3.736311,481500,0.31131366,1605,7329,0.8307698518037796,-0.0012611502,44688
48180000,0.00093888416,300.0,0.004506667,94.00758920639754,6589.884294748306,0.50177187,2.1428525,481800,0.31335863,1606,7459,0.9007773920893669,-0.00046681575,46576
48210000,0.0010529014,298.81,0.0071899993,97.63295715004206,6593.911271810532,0.5011805,11.470656,482100,0.31084755,1607,7402,0.7510302364826202,-7.801063e-06,46139
48240000,0.002975741,299.15,0.030996665,91.19227785110473,6597.983016729355,0.50072336,9.842475,482400,0.29429212,1608,7580,0.8078775703907013,-0.0003019849,47343
48270000,0.002003492,299.33,0.012976667,95.96391134813427,6601.946692228317,0.5003141,8.957365,482700,0.31009248,1609,7420,0.695583313703537,0.0007737203,47662
48300000,0.0018450199,299.53,0.01384,92.10322063274681,6605.996123075485,0.49990112,5.1033483,483000,0.30219468,1610,7171,0.8354849517345428,-0.0009870606,46346
48330000,0.0010807444,297.99,0.007703333,95.21615805640816,6610.184720039368,0.4994,12.776053,483300,0.30311283,1611,7393,0.7523344457149506,-0.0006860606,45511
48360000,0.001592706,299.09,0.008246667,92.70671265929937,6614.2482669353485,0.49891907,7.445394,483600,0.29939434,1612,7367,0.8657336980104446,-0.0005230286,45687
48390000,0.001149569,299.3,0.005756667,92.33132467694581,6618.326365947723,0.49850684,8.311919,483900,0.29799345,1613,7391,0.8159227073192596,-0.0007437912,46627
48420000,0.0029244327,300.0,0.029900003,90.76562248371542,6622.391139507294,0.49789587,1.9274094,484200,0.30255207,1614,7305,0.9479921720921993,-0.0006534634,45298
48450000,0.0016105898,298.79,0.011633334,94.2049375398457,6626.503648757935,0.49686378,5.549759,484500,0.30944377,1615,7286,0.7972067892551422,-0.0009644862,46472
48480000,0.0027367945,300.0,0.022676667,96.59463189981878,6630.627747774124,0.49605766,1.9613177,484800,0.3219821,1616,7483,0.9217475429177284,0.0006102527,46800
48510000,0.0025923387,298.86,0.024403332,92.78590854480862,6634.6426067352295,0.49534625,8.1317215,485100,0.29983583,1617,7435,0.8586815297603607,0.00049324345,46112
48540000,0.0023527332,297.96,0.016773334,98.11870492815972,6638.683185338974,0.49487203,11.190819,485400,0.3129249,1618,7495,0.6765497624874115,0.000121908306,45786
48570000,0.0009145802,298.46,0.0056266664,94.73710370950401,6642.70441699028,0.4944747,14.513003,485700,0.29636705,1619,7387,0.6942963302135468,2.3169143e-05,46502
48600000,0.0012655149,300.0,0.006276667,93.6027264072001,6646.772061347961,0.49404365,1.9378994,486000,0.3120091,1620,7383,0.9544274918735027,-0.00053486245,46570
48630000,0.00097495626,297.5,0.006876667,93.27908546045423,6650.840871810913,0.4934303,20.466236,486300,0.2818511,1621,7411,0.7353948354721069,0.00026401598,44957
48660000,0.0009872859,299.71,0.0058799996,87.99196609251202,6654.895191669464,0.49301928,4.415277,486600,0.2882914,1622,7507,0.9267904981970787,-0.00034894882,44373
48690000,0.0019143105,294.17,0.012773332,90.5731926072389,6658.897022247314,0.49254933,18.639812,486900,0.278456,1623,7318,0.7663625031709671,8.4943465e-05,46285
48720000,0.0026434164,299.17,0.022983331,91.59590835213662,6663.00230550766,0.49218956,7.8644667,487200,0.29568103,1624,7433,0.8647668957710266,-0.0005784737,47216
48750000,0.0012063154,300.0,0.0073333336,88.2417117767781,6667.043765544891,0.49159393,1.9374478,487500,0.29413903,1625,7368,0.9660997688770294,-0.0006305737,45061
48780000,0.0016850543,299.2,0.011633334,93.87204162321984,6671.12060880661,0.49069318,7.482801,487800,0.30319014,1626,7450,0.842462956905365,-0.0010307794,46286
48810000,0.0032585468,299.58,0.03672667,94.23392380468547,6675.153070688248,0.4900456,4.9536047,488100,0.30928355,1627,7323,0.873399943113327,2.2839868e-05,46008
48840000,0.003982676,300.0,0.046856664,92.44228760778904,6679.255751609802,0.48930606,1.8892208,488400,0.30814096,1628,7474,0.948994692414999,-0.0010264993,48059
48870000,0.0025519938,299.31,0.025026668,91.01903365798294,6683.276247501373,0.488486,7.6852875,488700,0.2935236,1629,7351,0.8785955756902695,-0.00045811702,43289
48900000,0.0018593991,299.34,0.011743333,87.11987897366285,6687.36279463768,0.4878652,4.6417494,489000,0.2854166,1630,7449,0.917998842895031,0.0011057275,46566
48930000,0.0041728225,299.53,0.029166665,93.70698334805667,6691.395800828934,0.48747197,5.564734,489300,0.30757105,1631,7382,0.8713924139738083,0.001056763,45709
48960000,0.002516685,299.73,0.01983,89.68911558248102,6695.465193748474,0.4870712,4.0802546,489600,0.29401743,1632,7299,0.9231916889548302,-0.00060266664,46794
48990000,0.0018711596,300.0,0.01478,91.26572160936892,6699.581351518631,0.48647562,1.6572002,489900,0.30421907,1633,7476,0.9543498940765858,-0.0016419276,46101
49020000,0.0010866555,298.89,0.006786667,97.12146599896252,6703.599876403809,0.48571864,8.366343,490200,0.31430313,1634,7463,0.7543949633836746,-0.0005728536,46605
49050000,0.0015911257,298.58,0.012576667,94.42796356804669,6707.625525474548,0.4852081,11.283434,490500,0.30023146,1635,7393,0.799036368727684,-0.00021501398,44863
49080000,0.0012130046,299.53,0.0054399995,90.64134509548545,6711.68966460228,0.48491827,4.7395263,490800,0.2973545,1636,7237,0.9099104627966881,7.418305e-05,45151
49110000,0.0011721846,299.02,0.006716667,96.95085620947182,6715.840290784836,0.4845376,8.02322,491100,0.31363857,1637,7395,0.7478190958499908,0.00024564398,44571
49140000,0.00079470157,299.54,0.0028366665,91.14282475985587,6719.903423786163,0.48412913,5.043871,491400,0.29901773,1638,7672,0.8953748792409897,-0.00084527006,45573
49170000,0.000613339,298.49,0.0029533333,95.134336392954,6723.819705247879,0.48368865,15.498182,491700,0.29760692,1639,7191,0.6945854127407074,-0.001130036,46879
49200000,0.004360351,299.5,0.053533334,91.95600419670343,6727.997497558594,0.48326144,6.0013156,492000,0.30163005,1640,7397,0.903995044529438,-4.74974e-05,44499
49230000,0.0010870073,299.33,0.005413333,93.78082614846528,6732.0586194992065,0.48284262,5.4965506,492300,0.30798528,1641,7192,0.8805446401238441,0.0008789942,45585
49260000,0.0009767103,297.95,0.0063500004,93.6057418178022,6736.235765218735,0.48244563,14.356433,492600,0.29278523,1642,7398,0.809211015701294,0.00027606176,46721
49290000,0.0015718462,300.0,0.010686668,95.85281266577542,6740.2967031002045,0.48212117,2.0240834,492900,0.3195094,1643,7375,0.9408472068607807,0.0016318407,48530
49320000,0.0016303506,296.8,0.010713333,92.86224992126226,6744.369949579239,0.48179588,7.9538407,493200,0.29917035,1644,7230,0.8741883039474487,0.00041996725,44458
49350000,0.0010207137,298.79,0.0074599995,89.06935427621006,6748.525231122971,0.4814807,5.55813,493500,0.29203036,1645,7287,0.9062790423631668,0.00070714776,44962
49380000,0.00411022,297.98,0.03861,92.37434418477118,6752.648094654083,0.48105678,16.095413,493800,0.2836046,1646,7506,0.7485139071941376,-0.0013473423,46837
49410000,0.005241832,298.48,0.060503334,95.97868028134107,6756.651179790497,0.48073846,7.8823953,494100,0.31033513,1647,7456,0.8332363963127136,-0.00020667278,47239
49440000,0.0012286387,298.85,0.005016667,93.69990246318281,6760.68070435524,0.48029622,10.352773,494400,0.29779336,1648,7455,0.8131463825702667,0.0015086273,46047
49470000,0.0010267582,298.17,0.004596667,92.60724045358599,6764.710795402527,0.47993436,12.464903,494700,0.29455453,1649,7489,0.7795093804597855,0.00067353377,45119
49500000,0.0017805841,299.65,0.013086667,96.25293520472944,6768.722461462021,0.47957626,4.9863453,495000,0.31597447,1650,7441,0.7898326516151428,-8.301728e-05,45357
49530000,0.002691682,299.73,0.021046666,91.1155469673872,6772.759328126907,0.479189,6.144522,495300,0.29877555,1651,7477,0.9144908562302589,0.00040720165,46039
49560000,0.0042707236,298.63,0.04666,96.2683118788153,6776.777532815933,0.47881323,11.407763,495600,0.3012643,1652,7293,0.8366364687681198,0.00027848835,45685
49590000,0.0023721892,297.69,0.018653333,89.14420335240662,6780.896740436554,0.47856015,14.598903,495900,0.27305216,1653,7335,0.8421250879764557,-0.00017123311,43507
49620000,0.0015354063,299.1,0.012153333,95.87976179793478,6784.993713140488,0.4783892,7.922187,496200,0.30998325,1654,7432,0.84560227394104,-8.141578e-05,45304
49650000,0.0008613568,299.21,0.00397,92.19585110276938,6789.03621840477,0.4781837,6.9216413,496500,0.29758915,1655,7359,0.8440344333648682,-0.00021862502,47554
49680000,0.001962515,299.02,0.011033332,93.8943889477849,6793.118780851364,0.47785512,11.4364395,496800,0.2982392,1656,7420,0.7934509366750717,0.0005033927,45024
49710000,0.0024013075,299.36,0.01966,93.43957053497434,6797.16850733757,0.47745675,5.059786,497100,0.30675235,1657,7315,0.9094064310193062,-0.0005248991,45813
49740000,0.0009848482,299.5,0.0030333332,93.66925930254162,6801.275760412216,0.47690147,4.452716,497400,0.30725136,1658,7481,0.8974319249391556,-3.5008998e-07,46589
49770000,0.0014370001,298.47,0.008466667,89.73441224448383,6805.2918910980225,0.4764174,15.256747,497700,0.27962434,1659,7479,0.8096529692411423,0.0013518792,47438
49800000,0.0044771982,299.7,0.05384667,95.86948759064079,6809.309393644333,0.47605044,6.02687,498000,0.31459787,1660,7419,0.8432303220033646,0.0014537256,45291
49830000,0.0021676598,299.24,0.0129,94.6252880846709,6813.35900759697,0.47561654,8.230904,498300,0.30567035,1661,7381,0.8177513778209686,-0.00073194446,46988
49860000,0.0011987279,292.18,0.0043566665,91.37192575372755,6817.429649114609,0.47518414,22.488552,498600,0.27418298,1662,7395,0.7987297624349594,0.00047759656,45798
49890000,0.014007856,299.6,0.0077433335,91.46367490619421,6821.49268579483,0.474869,4.8735876,498900,0.300019,1663,7203,0.910035528242588,0.0029127938,44732
49920000,0.0014769423,298.89,0.009756667,95.55456223249435,6825.663041830063,0.47449547,8.502978,499200,0.3038543,1664,7511,0.7943069338798523,-0.0007012778,46605
49950000,0.0023719047,299.75,0.024759999,94.74517038471997,6829.662563085556,0.47414598,6.6116934,499500,0.310814,1665,7326,0.8699129521846771,0.0005410998,45545
49980000,0.0021539112,299.52,0.014346667,90.01622038289905,6833.763555288315,0.4737203,7.962008,499800,0.2901116,1666,7456,0.8584437370300293,3.7837992e-06,46517
50010000,0.0014804213,298.93,0.007176666,95.07266505040228,6837.792995214462,0.4734067,10.345167,500100,0.30226478,1667,7365,0.810484379529953,-0.00084456045,44394
50040000,0.0024476945,298.08,0.021126667,91.67991071484983,6841.872277021408,0.47310537,16.029936,500400,0.28646752,1668,7223,0.7794311046600342,3.3257442e-05,43435
50070000,0.0035897833,299.47,0.035269998,93.94135025978089,6846.031655073166,0.47277117,8.204737,500700,0.30323875,1669,7333,0.8143476396799088,0.0007797269,45067
50100000,0.0024855975,298.52,0.018849999,96.77497772119939,6850.128956079483,0.47242674,17.41074,501000,0.29798773,1670,7503,0.6684675514698029,0.000595415,46395
50130000,0.003925356,300.0,0.042013336,94.04658461280167,6854.133072376251,0.47217765,2.1006038,501300,0.3134886,1671,7268,0.9437344633042812,-4.389395e-05,45431
50160000,0.000615306,299.73,0.00238,93.90029921799898,6858.266311168671,0.47180238,4.0083427,501600,0.30802676,1672,7320,0.9196098148822784,-0.00019954122,46765
50190000,0.002288398,300.0,0.020023335,91.83859798632562,6862.3704743385315,0.4707347,1.7253726,501900,0.30612865,1673,7423,0.9595921970903873,-0.0010049335,44549
50220000,0.00053813646,298.74,0.0012033333,95.19890908688306,6866.417850255966,0.46974087,11.074496,502200,0.30285427,1674,7216,0.795258641242981,-0.00081728667,46040
50250000,0.0016685402,300.0,0.01025,92.8638360849768,6870.5812294483185,0.4690823,2.077204,502500,0.3095461,1675,7402,0.9340099990367889,3.1923933e-05,46499
50280000,0.0008540537,299.3,0.0036666668,96.0721834550798,6874.639585018158,0.46830335,9.423471,502800,0.31048435,1676,7260,0.7793345898389816,-1.8520095e-05,47662
50310000,0.0026245527,300.0,0.01857,91.0268379741162,6878.777267694473,0.46762118,1.9005976,503100,0.30342278,1677,7585,0.9638593941926956,-0.0001199313,47897
50340000,0.0025054403,300.0,0.02396,94.04664662666619,6882.7384557724,0.46673346,1.9912224,503400,0.31348884,1678,7365,0.9477947428822517,-0.0005365369,47674
50370000,0.0018285739,298.01,0.013323334,90.62576295502484,6886.81791305542,0.46590677,9.470094,503700,0.28698957,1679,7140,0.8760925084352493,0.00029332162,46432
50400000,0.006490521,299.45,0.08573334,93.60926250182092,6891.0256996154785,0.46543822,5.1632185,504000,0.3072909,1680,7353,0.8600082248449326,-0.0006616662,44993
50430000,0.0018118399,299.55,0.0118,94.21305993661285,6895.111232995987,0.46504498,4.3422294,504300,0.30917734,1681,7373,0.9106581881642342,1.7077846e-05,46278
50460000,0.002165065,299.34,0.015796665,99.37625335283577,6899.186141490936,0.46462575,9.647146,504600,0.32141894,1682,7396,0.7558237165212631,0.00077237206,46763
50490000,0.001195342,298.46,0.0044800006,92.8070519848913,6903.260905265808,0.46428412,13.388074,504900,0.29497853,1683,7364,0.7667644023895264,0.000869434,47929
50520000,0.002440116,300.0,0.01732,97.4493740476668,6907.3406410217285,0.46394736,1.7052066,505200,0.32483125,1684,7521,0.9265686646103859,-0.0016637407,46880
50550000,0.0025312314,300.0,0.0205,94.58080365374684,6911.335282564163,0.46321043,2.1784823,505500,0.31526932,1685,7358,0.9344242736697197,-0.00032096478,47398
50580000,0.0011828153,299.18,0.0051866667,96.10304888822138,6915.418456554413,0.46238178,9.493036,505800,0.3106681,1686,7401,0.7677396982908249,-0.0005668518,48749
50610000,0.001731145,298.91,0.014149999,94.92309666946531,6919.477336168289,0.46185988,10.043647,506100,0.30690175,1687,7170,0.7820602357387543,0.00019455419,45122
50640000,0.0020829425,299.12,0.019263333,92.92699373707175,6923.667015790939,0.46150106,9.383028,506400,0.30013907,1688,7265,0.7958694249391556,-0.0009903561,45009
50670000,0.0035238676,299.61,0.036470003,100.5400459035486,6927.803487539291,0.46104914,6.778624,506700,0.325103,1689,7387,0.8045018315315247,-0.0011492062,45594
50700000,0.002144707,297.96,0.016853334,91.40315222620964,6931.882660150528,0.46046907,5.2695208,507000,0.30022204,1690,7285,0.9043890684843063,-0.00035684937,46500
50730000,0.0031256701,299.32,0.033676665,92.51212503671645,6936.006407022476,0.4598462,5.127753,507300,0.30366588,1691,7387,0.8897259905934334,6.344111e-05,45990
50760000,0.0034524114,299.39,0.033956666,94.74741501741111,6940.073782920837,0.4593262,4.627272,507600,0.31107458,1692,7472,0.9125499203801155,-1.8208946e-05,47924
50790000,0.0023151678,298.44,0.015849998,95.14784313485026,6944.095093011856,0.45881858,12.766082,507900,0.30268654,1693,7615,0.725773274898529,2.3892844e-05,48580
50820000,0.0008221022,299.31,0.0039966665,95.66910197019577,6948.041019678116,0.45832705,4.806109,508200,0.31419355,1694,7359,0.873601108789444,-0.00084600394,45039
50850000,0.0016267641,300.0,0.0074566663,92.73017172515392,6952.122964382172,0.45768672,1.9233758,508500,0.3091006,1695,7454,0.9566214270889759,-0.00035287364,44874
50880000,0.0013995911,298.51,0.007056667,96.32604172460735,6956.1538252830505,0.45678678,10.966426,508800,0.30673662,1696,7368,0.8245400190353394,-0.0005174172,46783
50910000,0.0013565358,298.91,0.00502,96.9458846321702,6960.231231212616,0.456191,10.643763,509100,0.30854148,1697,7602,0.779948815703392,-0.0010243347,46006
50940000,0.0020268294,299.02,0.011816666,94.45910010717809,6964.183818101883,0.45576906,11.137614,509400,0.30014843,1698,7565,0.7951494604349136,0.0004424563,47266
50970000,0.0011719353,298.83,0.005026667,95.67568628050387,6968.155789613724,0.45542932,11.288657,509700,0.30431822,1699,7337,0.8064319491386414,-0.00050242606,45227
51000000,0.0026986252,298.9,0.029350001,98.9122768612206,6972.250818014145,0.45521307,11.438204,510000,0.31499764,1700,7416,0.7539165169000626,0.00066078565,45063
51030000,0.0026974566,299.68,0.029056665,94.6798628076911,6976.314706325531,0.45493907,4.493044,510300,0.31067887,1701,7167,0.8833906352519989,-0.00055758294,37724
51060000,0.0014881318,297.98,0.0046633333,97.01682301588356,6980.506675481796,0.4545911,18.167576,510600,0.2989356,1702,7496,0.6793756186962128,0.0004701632,48405
51090000,0.003475579,299.06,0.03299,93.03646993435919,6984.5152287483215,0.45434943,9.524683,510900,0.30053365,1703,7403,0.7998865842819214,9.969929e-05,46098
51120000,0.0026767384,299.19,0.025533337,92.62361145786942,6988.574058771133,0.45407122,9.926863,511200,0.29391423,1704,7407,0.8222156763076782,0.0013297766,48143
51150000,0.0014693029,298.52,0.008120001,93.0872246350348,6992.630449295044,0.45378247,11.818387,511500,0.29576933,1705,7521,0.8457257896661758,-0.00014013842,47864
51180000,0.0036369492,297.65,0.02891,90.14091424763203,6996.625227928162,0.4535006,16.913574,511800,0.27621543,1706,7501,0.8172657489776611,0.00031951073,47631
51210000,0.0026929968,299.45,0.026643332,89.05042513146996,7000.631220340729,0.4531981,6.0701485,512100,0.2921111,1707,7566,0.8963627368211746,-0.0007936816,46808
51240000,0.0015159374,298.84,0.005466667,96.69515798926354,7004.602855205536,0.45278955,12.947739,512400,0.30756742,1708,7415,0.772773489356041,0.0006908048,44992
51270000,0.0009797141,296.87,0.0059266663,97.07341164492071,7008.654631137848,0.45239416,10.063685,512700,0.3088965,1709,7396,0.8414545506238937,4.6483205e-05,46599
51300000,0.0012840017,298.6,0.008509999,93.29146904468536,7012.7178518772125,0.45200872,11.786982,513000,0.29656586,1710,7377,0.7839154452085495,-0.0009054765,44867
51330000,0.002783666,298.02,0.024973333,93.2218109574914,7016.791090011597,0.45169568,16.854626,513300,0.2864353,1711,7461,0.7507441937923431,-0.00049802347,47355
51360000,0.0032186415,298.24,0.034846667,92.24549165040254,7020.818115949631,0.45140982,13.285017,513600,0.2931774,1712,7320,0.737298995256424,-0.00040779758,44221
51390000,0.0010416267,299.4,0.0048633334,92.98120170712471,7024.923231601715,0.4511908,9.180296,513900,0.3000763,1713,7299,0.8621450215578079,-0.0006441207,45602
51420000,0.0011434172,299.09,0.00458,92.45278758659958,7029.0392553806305,0.45091715,8.152004,514200,0.29850224,1714,7406,0.8500833362340927,0.00017878212,45119
51450000,0.0020722323,300.0,0.01206,97.56849648833276,7033.095964670181,0.4504973,2.0848377,514500,0.32522833,1715,7239,0.9345398247241974,0.00033881055,45125
51480000,0.0010062713,299.66,0.00528,94.86118166044355,7037.246204137802,0.4496378,5.5499563,514800,0.31131774,1716,7382,0.8985332325100899,0.00025951414,45813
51510000,0.0009956255,299.18,0.0051066666,92.70747219592333,7041.316346645355,0.4488868,7.8982215,515100,0.2992707,1717,7532,0.8665147721767426,-0.000284849,47966
51540000,0.0008578772,299.16,0.005106666,97.33214765496552,7045.307693004608,0.4483038,7.2553315,515400,0.31471634,1718,7390,0.7585958540439606,-0.0008460943,46640
51570000,0.00219061,300.0,0.018816667,97.83258401051164,7049.373299837112,0.4475504,1.6135252,515700,0.3261086,1719,7330,0.9554978497326374,0.00033788837,45525
51600000,0.0028051808,300.0,0.020566666,96.28297250337899,7053.471612930298,0.44657096,2.674201,516000,0.32094324,1720,7479,0.9180752485990524,-0.00039386586,46848
51630000,0.0009162027,299.45,0.0041766665,91.43647290192544,7057.489084720612,0.44531927,4.7950177,516300,0.30001774,1721,7434,0.924703910946846,-0.00017832998,46849
51660000,0.0005978976,299.18,0.0018133332,91.98769513294101,7061.53035402298,0.44454518,7.173729,516600,0.29666203,1722,7439,0.8628020882606506,-0.00060302496,46106
51690000,0.0008973104,298.84,0.0031866666,91.17745975755155,7065.568754196167,0.44412956,13.6633,516900,0.28933737,1723,7409,0.7917144298553467,0.00045904316,44436
51720000,0.0005157285,298.61,0.0011066666,90.80110910467803,7069.623626470566,0.44391027,12.646867,517200,0.2881575,1724,7254,0.8206705003976822,-0.00043959287,45996
51750000,0.0027935987,298.83,0.022570001,93.0356832511723,7073.764855861664,0.44376308,5.588802,517500,0.30505764,1725,7140,0.9066166505217552,-6.422766e-05,45694
51780000,0.0016218089,300.0,0.008553333,90.98820202812553,7077.972263813019,0.44342843,2.2066054,517800,0.303294,1726,7222,0.9587362743914127,-0.00014300535,45262
51810000,0.0019066042,299.14,0.014830001,90.71449728019536,7082.131771564484,0.4427033,8.891919,518100,0.29273832,1727,7274,0.848725363612175,-0.0004088139,46499
51840000,0.0015991122,299.57,0.0066,96.97201057173312,7086.261870622635,0.44208598,4.7820554,518400,0.31839982,1728,7392,0.8940633907914162,-0.0007353282,47487
51870000,0.0019212462,299.76,0.012549999,97.22248766690493,7090.326599359512,0.4412931,4.2708015,518700,0.31910878,1729,7239,0.8541779965162277,-0.0007564773,46253
51900000,0.0027517788,299.68,0.025393331,87.98885567374528,7094.476361513138,0.4406181,6.273389,519000,0.28838986,1730,7305,0.9176648855209351,2.6275966e-05,44863
51930000,0.0014759058,299.53,0.0060933335,93.28652463249863,7098.588266611099,0.44017562,8.706498,519300,0.30097678,1731,7317,0.8497939109802246,-0.00020765192,41850
51960000,0.0018512998,299.41,0.009506667,94.90965357773005,7102.694019079208,0.43974274,5.904599,519600,0.31164134,1732,7431,0.8955101519823074,-0.0006232691,46744
51990000,0.0020187874,299.53,0.014576666,96.6873451603204,7106.736454486847,0.439197,5.4460135,519900,0.31738156,1733,7393,0.8713178336620331,0.0004483493,45091
52020000,0.0010880888,300.0,0.0059366664,90.58837866336107,7110.799902439117,0.4386689,2.562634,520200,0.30196124,1734,7257,0.9484936036169529,0.00060230884,44876
52050000,0.002408394,296.23,0.0179,92.43024607807398,7114.939891338348,0.43781662,14.757059,520500,0.28923154,1735,7346,0.7945346683263779,3.4786095e-05,46050
52080000,0.0019443393,299.07,0.018363332,91.61491868108511,7119.029754161835,0.43723226,7.858313,520800,0.29575038,1736,7396,0.8994156047701836,-0.00061984145,45469
52110000,0.0016985005,300.0,0.009596666,95.35591450072825,7123.0915677547455,0.43672785,1.8920419,521100,0.31785306,1737,7363,0.9544913396239281,0.00068910356,47646
52140000,0.0011288987,299.05,0.0053600003,91.94116915427148,7127.171474695206,0.43616185,9.775297,521400,0.2968185,1738,7443,0.8413707315921783,-0.0008360812,46752
52170000,0.0012987324,298.58,0.008443333,94.22450763590633,7131.207560300827,0.43562308,4.6375523,521700,0.3090851,1739,7353,0.9050654694437981,-0.00060033466,44680
52200000,0.0021398196,298.98,0.017936666,98.16146915011107,7135.2934193611145,0.43489426,5.640622,522000,0.32213956,1740,7352,0.864798292517662,-0.00050431874,45618
52230000,0.0021214555,297.11,0.015459999,86.4040428148955,7139.379758834839,0.43415323,18.921524,522300,0.26378736,1741,7485,0.8136408179998398,0.0006422441,44470
52260000,0.011725957,299.43,0.013293335,95.29925295330584,7143.393749713898,0.43369836,10.59954,522600,0.30782077,1742,7342,0.7609939426183701,0.0016725464,45040
52290000,0.0015692301,299.63,0.008726667,93.31280767090618,7147.485633134842,0.43319035,5.148486,522900,0.30617583,1743,7503,0.8993634656071663,-0.0007901089,47703
52320000,0.0029250584,298.89,0.028366664,95.7964365375787,7151.490155220032,0.43256545,4.873405,523200,0.31431806,1744,7335,0.8822661489248276,-0.00040727426,44503
52350000,0.0011228381,300.0,0.0062133335,95.4566487107426,7155.585960626602,0.4317062,2.0103526,523500,0.31818885,1745,7422,0.9445444419980049,-0.0008138666,47229
52380000,0.0025703206,298.91,0.017556665,94.81711174279451,7159.633866786957,0.4306225,10.186016,523800,0.3013696,1746,7250,0.8212014585733414,-0.00038567622,45391
52410000,0.0030213671,299.73,0.028463334,97.49671563729643,7163.777606010437,0.4298922,5.094621,524100,0.31992474,1747,7268,0.8832666724920273,0.0012488965,46643
52440000,0.00054990314,300.0,0.0028000001,98.58850760370493,7167.911367893219,0.4292906,1.7100875,524400,0.32862836,1748,7528,0.9226220026612282,-0.0001672394,47520
52470000,0.0010847241,299.76,0.005043333,90.95043826520443,7171.902230024338,0.4284398,5.081839,524700,0.2982114,1749,7359,0.9077400639653206,2.924156e-05,46334
52500000,0.0010220482,297.07,0.00484,93.896756503582,7175.9848437309265,0.42788213,18.197369,525000,0.28915206,1750,7374,0.7364108562469482,0.00047882777,46640
52530000,0.0007956921,299.52,0.0038666665,98.62969043038785,7180.060229063034,0.42754942,5.3198786,525300,0.32396585,1751,7212,0.7909410744905472,0.00032240033,46038
52560000,0.0034696714,299.27,0.03788,100.76302814155817,7184.2258269786835,0.42702365,8.282906,525600,0.32611594,1752,7493,0.7986432760953903,0.0007501323,46561
52590000,0.003641862,300.0,0.03557,96.34506577275694,7188.2481944561005,0.42658812,2.739451,525900,0.32115018,1753,7396,0.899673193693161,0.003345117,46323
52620000,0.0017743448,299.69,0.012356667,99.05518787875772,7192.310336112976,0.42620188,3.9701571,526200,0.32527283,1754,7542,0.881576307117939,0.001993576,46601
52650000,0.003910125,300.0,0.042619996,96.29250600546598,7196.293845653534,0.42575878,1.6266209,526500,0.32097504,1755,7341,0.9448254890739918,-0.00012736277,45191
52680000,0.003247688,300.0,0.031796668,95.74454997822642,7200.386205434799,0.42505282,1.7959511,526800,0.3191485,1756,7339,0.9558527506887913,-0.0009607872,44016
52710000,0.00486832,298.97,0.054956667,97.00397264964879,7204.479799032211,0.42366487,8.107125,527100,0.31379423,1757,7465,0.8014594465494156,0.0020728894,46452
52740000,0.0038071293,299.07,0.03789667,95.14231200814247,7208.504423618317,0.42249075,5.5064287,527400,0.3124375,1758,7419,0.8895024508237839,0.0008020379,48390
52770000,0.0015831345,298.39,0.009329999,96.73125383637846,7212.554055690765,0.42178327,5.3349447,527700,0.31783184,1759,7341,0.8826320022344589,-0.00059257157,45051
52800000,0.0043334765,295.48,0.051323336,100.6869114394486,7216.646383047104,0.42127767,18.077627,528000,0.31181788,1760,7240,0.6887765526771545,0.000117529984,45546
52830000,0.0052407486,299.02,0.064210005,99.60480610735715,7220.795359134674,0.42087117,5.340972,528300,0.32727423,1761,7392,0.8292956054210663,0.0009256486,46443
52860000,0.005165676,297.72,0.061813332,97.627352405712,7224.859307765961,0.42036438,16.524948,528600,0.3064208,1762,7268,0.6978029906749725,0.00026320977,44573
52890000,0.0049087955,300.0,0.060293335,96.19278184905649,7228.993543624878,0.41982442,1.9164807,528900,0.32064262,1763,7423,0.9458997398614883,0.0003921885,45178
52920000,0.0030094725,298.77,0.03158333,98.8021689683944,7233.040221214294,0.41914254,11.120051,529200,0.31476614,1764,7318,0.7644705474376678,-0.00051522435,46892
52950000,0.0016869936,299.3,0.00938,91.06264173068107,7237.146043300629,0.41868758,5.612508,529500,0.29868603,1765,7260,0.915187157690525,0.000627691,45405
52980000,0.0019256994,300.0,0.010253334,96.8868004655093,7241.283653259277,0.4182369,1.7207655,529800,0.322956,1766,7403,0.9631885625422001,0.00027957093,44020
53010000,0.002004943,300.0,0.013443334,91.65693700231611,7245.34148478508,0.41739687,2.2901921,530100,0.3055231,1767,7193,0.9607071205973625,0.00023508638,44640
53040000,0.002256981,299.28,0.02011,96.9047168058902,7249.517835140228,0.4164688,8.869288,530400,0.31321985,1768,7460,0.841258704662323,-0.0002680051,46309
53070000,0.0033025076,300.0,0.008676668,97.08364420488476,7253.544669151306,0.4156022,2.1835282,530700,0.32361215,1769,7380,0.9549704119563103,0.0038739603,45736
53100000,0.005208595,299.67,0.062876664,93.05368369586766,7257.615733861923,0.41455165,5.858612,531000,0.305293,1770,7479,0.879184678196907,-4.3070853e-05,45024
53130000,0.0018389728,299.13,0.0068800002,92.93343396387995,7261.633056879044,0.41373396,8.402266,531300,0.3000659,1771,7384,0.8608734160661697,-2.023843e-05,44760
53160000,0.0027891179,299.46,0.025193334,95.01360373102129,7265.701256990433,0.41309795,5.92982,531600,0.31191388,1772,7148,0.8858739286661148,-0.0006664457,46490
53190000,0.0047037066,298.76,0.058000006,96.61736216075718,7269.903852462769,0.41254812,12.0718355,531900,0.30752638,1773,7403,0.7923137992620468,-0.00018843342,46785
53220000,0.0052431608,299.73,0.063999996,95.8291681369394,7273.96230006218,0.41212803,5.08435,532200,0.3144817,1774,7240,0.8853716850280762,-0.0008979817,45271
53250000,0.0023104963,300.0,0.019316668,99.68996356844902,7278.11158823967,0.41149426,2.0688522,532500,0.33229986,1775,7628,0.9245699495077133,-4.7659328e-06,45964
53280000,0.00148601,299.71,0.006823334,95.77400513887406,7282.0501101017,0.41062126,5.817485,532800,0.3143354,1776,7554,0.8400417566299438,0.00052394083,46091
53310000,0.0038023107,300.0,0.042776667,94.67858693264425,7286.027329444885,0.4098925,1.9451672,533100,0.3155953,1777,7387,0.9426582902669907,-0.0006402455,44682
53340000,0.0034069703,298.2,0.033779997,96.54838613502682,7290.094376325607,0.40923995,14.503779,533400,0.3025007,1778,7256,0.7555930763483047,0.0005764969,45743
53370000,0.0021623888,298.06,0.012616667,101.90462846912443,7294.234524965286,0.4088808,15.1198635,533700,0.3205178,1779,7466,0.6132301390171051,-0.00045760046,45729
53400000,0.0023170428,299.81,0.022659998,94.4021101757139,7298.271070480347,0.40851802,4.097383,534000,0.3096562,1780,7630,0.9258353263139725,-0.00042266204,47589
53430000,0.002472646,299.24,0.020340001,94.076047340706,7302.208486318588,0.40782708,8.050597,534300,0.30378607,1781,7304,0.8805806264281273,0.00017160538,46252
53460000,0.0020473504,299.0,0.01322,97.73564839959144,7306.322026729584,0.40727386,11.757174,534600,0.31107295,1782,7413,0.7382214665412903,0.00089654076,45811
53490000,0.0021137577,298.27,0.018783335,93.56833376906812,7310.374886751175,0.40688258,8.3920355,534900,0.3019405,1783,7299,0.8519192785024643,0.0009748402,46103
53520000,0.00083889643,300.0,0.004216667,94.32734625913203,7314.49093413353,0.40648502,2.2085474,535200,0.31442448,1784,7421,0.9487146511673927,-0.0006796317,44804
53550000,0.0019099729,299.62,0.01768,98.16742572441697,7318.539051771164,0.4060359,4.1359468,535500,0.32234344,1785,7509,0.9041159301996231,-3.603201e-05,47415
53580000,0.00041226903,299.27,0.0015933333,93.65001880437136,7322.540025472641,0.4056324,5.760369,535800,0.3074982,1786,7360,0.8926509916782379,-0.0015614234,45106
53610000,0.0007090626,298.87,0.00144,95.64882242389024,7326.622426509857,0.40526643,10.083261,536100,0.30931687,1787,7329,0.7916490733623505,-0.00042903383,44973
53640000,0.0015642341,299.47,0.010536667,97.7658364611119,7330.722026586533,0.40490523,8.681366,536400,0.31594607,1788,7653,0.7684775590896606,-0.00074361847,46715
53670000,0.0013521566,299.49,0.0062466664,93.26551866270601,7334.648312568665,0.4044152,8.2353,536700,0.3009958,1789,7339,0.8407721668481827,-0.0008950649,45761
53700000,0.0005270663,298.36,0.0021333334,97.41942698463798,7338.741575717926,0.40396085,11.812641,537000,0.31025967,1790,7252,0.7503845989704132,-0.00018326848,46879
53730000,0.0013514245,299.46,0.007960001,94.28976151153445,7342.883939504623,0.4036096,6.4090896,537300,0.3095749,1791,7145,0.8826201409101486,-0.00094239117,46237
53760000,0.0017724084,299.55,0.0099266665,96.14421873360872,7347.088364124298,0.4032082,4.9747553,537600,0.31566143,1792,7170,0.8743055611848831,-0.0007917072,43808
53790000,0.0011320157,300.0,0.004336667,97.97856591366231,7351.278556346893,0.4026746,1.8419993,537900,0.32659522,1793,7505,0.9480441398918629,-0.00046667783,47403
53820000,0.0009017306,299.07,0.004953333,93.5595275644958,7355.281181573868,0.40193477,8.808961,538200,0.30192903,1794,7454,0.8566560596227646,-0.00010406193,46622
53850000,0.0020550622,297.6,0.017373333,94.0539745015651,7359.311504364014,0.40124387,22.684654,538500,0.28441724,1795,7466,0.7123511731624603,-0.000328157,44939
53880000,0.0019632245,299.83,0.013756667,98.40086837291717,7363.336162805557,0.4008475,5.028563,538800,0.32297814,1796,7455,0.8535702079534531,-4.7948804e-05,46842
53910000,0.0022549178,300.0,0.018386666,97.89979532696307,7367.366894960403,0.39998835,1.8029871,539100,0.32633266,1797,7178,0.9449541009962559,-0.00034373294,46688
53940000,0.0026142977,298.52,0.024546666,97.09421613782644,7371.552059173584,0.39905703,9.9938545,539400,0.30929837,1798,7078,0.8329257518053055,0.00048677763,46197
53970000,0.0019238943,300.0,0.013186666,98.915564603135,7375.796960115433,0.39831954,1.6742166,539700,0.32971856,1799,7601,0.939757701009512,-0.00051682815,46601
54000000,0.005804127,298.98,0.07322,97.52604845739901,7379.74945640564,0.39735463,8.8293295,540000,0.31560534,1800,7315,0.7897588908672333,-0.0005770292,45248
54030000,0.0018602309,297.29,0.011589999,96.66296194456518,7383.869025230408,0.3966781,8.90954,540300,0.3125027,1801,7218,0.828988328576088,-0.0003699138,37517
54060000,0.001766728,299.09,0.0090499995,97.21148959934712,7388.030907869339,0.396248,8.323057,540600,0.31443542,1802,7483,0.8279030025005341,0.00015779199,47700
54090000,0.0025504003,299.41,0.022163333,97.83930955715478,7392.045428276062,0.39585945,8.825645,540900,0.3162642,1803,7359,0.8130141198635101,-0.00060837733,44667
54120000,0.0016672313,298.56,0.013550001,93.15651564955711,7396.128108263016,0.39554003,10.539579,541200,0.30123,1804,7491,0.8391963988542557,0.0002019424,46692
54150000,0.0011766676,299.67,0.0068299994,100.12729587838054,7400.138918876648,0.39513522,4.633065,541500,0.32885534,1805,7312,0.880844421684742,-5.2808948e-05,46098
54180000,0.0016108342,297.62,0.008516667,95.8640120112151,7404.247247219086,0.39449936,10.401111,541800,0.3044736,1806,7417,0.8206201195716858,0.00039059593,45013
54210000,0.0010340711,298.66,0.0033433333,98.04601381637156,7408.297466754913,0.39394742,12.182446,542100,0.31238422,1807,7360,0.7587381154298782,0.0001370249,46613
54240000,0.001867228,299.31,0.009346668,98.79396638579667,7412.379507064819,0.39358905,7.765849,542400,0.3195258,1808,7333,0.8189231008291245,0.0010432914,47383
54270000,0.0016708955,299.43,0.010616667,96.53379365816713,7416.475951910019,0.39310032,4.865987,542700,0.31704244,1809,7266,0.8937065452337265,-0.0005049778,46016
54300000,0.00082154106,299.1,0.0039833332,92.21484309747815,7420.610491275787,0.39231187,6.0920534,543000,0.30274975,1810,7369,0.8910482004284859,0.000101671365,46056
54330000,0.0008910616,298.93,0.002516667,102.57718648269773,7424.687321424484,0.39177948,9.184112,543300,0.3324317,1811,7435,0.6717011630535126,-0.0006613835,46239
54360000,0.001634775,297.93,0.009183334,94.8374761851877,7428.740886688232,0.39145955,15.315849,543600,0.29177338,1812,7245,0.8071031868457794,-0.0004335322,44839
54390000,0.0013564525,300.0,0.007226667,98.91916634872555,7432.887660503387,0.39114037,1.7705691,543900,0.32973054,1813,7299,0.9518720097839832,-0.0002538589,44945
54420000,0.0015444331,299.69,0.009886667,96.6911033707112,7437.003037214279,0.39035532,4.36868,544200,0.31738317,1814,7393,0.8909341618418694,-0.00035695423,43166
54450000,0.0007300324,299.08,0.004366667,97.94241825163364,7441.066170215607,0.38978696,8.033691,544500,0.3168742,1815,7428,0.8477637767791748,-6.963775e-05,45987
54480000,0.0020339747,300.0,0.0105966665,97.4875701199472,7445.110876560211,0.38929185,2.4357643,544800,0.32495856,1816,7376,0.9171731770038605,0.00017515996,47697
54510000,0.0013901502,298.15,0.0055633336,98.89556292034686,7449.184524774551,0.38871297,16.680262,545100,0.31042755,1817,7284,0.7221620976924896,-0.00028058822,44246
54540000,0.0023750775,299.52,0.009369999,99.3220956249535,7453.309058427811,0.38827062,5.887528,545400,0.32623285,1818,7658,0.8073309063911438,0.0006704411,47765
54570000,0.0020377156,297.48,0.0192,98.0024740613997,7457.231942415237,0.38787293,16.557743,545700,0.3025032,1819,7199,0.7271602749824524,0.0002666891,45954
54600000,0.007665849,298.75,0.10449,97.40103579729795,7461.406095981598,0.38763773,12.155415,546000,0.31010374,1820,7323,0.8421042263507843,0.0016251181,44754
54630000,0.0024663722,299.7,0.017900001,101.09402865901589,7465.509210109711,0.38733578,3.9208634,546300,0.33204135,1821,7337,0.8864211589097977,-0.000101905316,45991
54660000,0.0031448596,299.76,0.032726668,91.96627673387528,7469.604049682617,0.38661844,4.5057306,546600,0.30158463,1822,7263,0.930581234395504,-0.00015783057,47083
54690000,0.0035505865,300.0,0.032270003,99.0192450273037,7473.740122079849,0.38582367,1.7110894,546900,0.33006415,1823,7295,0.9537865519523621,-0.00014010284,47471
54720000,0.0037914335,298.99,0.036,97.20672139190137,7477.8580713272095,0.3848604,8.997465,547200,0.3144695,1824,7242,0.8007253259420395,0.00068875967,42925
54750000,0.0028583794,298.61,0.022626666,95.70200027853251,7482.006397008896,0.38401103,11.927341,547500,0.3044207,1825,7522,0.7973401695489883,-0.00016495869,46456
54780000,0.002803516,299.49,0.007543333,96.43051662810147,7486.001167297363,0.38346544,5.3728976,547800,0.31667903,1826,7451,0.9013122171163559,0.00013569553,46051
54810000,0.0040265853,299.42,0.04207333,98.33534738793969,7490.033541917801,0.38294184,4.938489,548100,0.323108,1827,7490,0.8878776207566261,-0.0013243468,46605
54840000,0.0031367582,299.28,0.03333,99.43487339735032,7494.044605731964,0.3824144,8.161334,548400,0.32162374,1828,7350,0.8414953351020813,0.00019413725,46643
54870000,0.0019804789,300.0,0.015803333,96.0393680318445,7498.132017612457,0.38186982,1.822105,548700,0.3201312,1829,7585,0.9576746411621571,-0.0002254092,46178
54900000,0.0027165327,299.76,0.025676664,97.51430197000504,7502.09303689003,0.38102612,4.792114,549000,0.32008523,1830,7150,0.8513216823339462,-0.0009475534,44550
54930000,0.0014947224,300.0,0.009063332,99.39715196721255,7506.2947607040405,0.38010097,1.9350694,549300,0.33132383,1831,7215,0.9500282295048237,-0.00021751497,45898
54960000,0.0018237189,297.99,0.01228,92.9872430291772,7510.459721088409,0.37928608,7.9137025,549600,0.29960528,1832,7350,0.8870137110352516,0.0012148081,46557
54990000,0.0033402448,299.12,0.03761,96.11249558359384,7514.5466730594635,0.37878436,9.020225,549900,0.3106662,1833,7538,0.850885882973671,-0.00056002603,45500
55020000,0.0039014712,299.64,0.043453336,95.62095702461899,7518.532862663269,0.37828737,5.8122435,550200,0.3138817,1834,7314,0.8707857728004456,-0.0014268603,47561
55050000,0.0017423636,300.0,0.01079,102.58862844645977,7522.640509605408,0.37762246,1.9024508,550500,0.3419621,1835,7417,0.9321061298251152,0.0005097791,45089
55080000,0.0058206352,295.33,0.07099666,100.24534234404564,7526.703910589218,0.376716,18.387466,550800,0.31060395,1836,7344,0.7157526016235352,0.001229234,47247
55110000,0.0025655706,299.44,0.022433333,99.33425066009164,7530.7946791648865,0.3761159,4.5522656,551100,0.3264146,1837,7492,0.8604356050491333,0.00013423499,47805
55140000,0.0029363392,299.42,0.03252,94.79455485776067,7534.804589986801,0.37555566,5.7348976,551400,0.31132385,1838,7361,0.9071730226278305,-0.00016759298,46599
55170000,0.0028603629,299.55,0.024383333,100.98395295277238,7538.8859322071075,0.37483585,4.5557914,551700,0.33179775,1839,7417,0.8626253306865692,0.0006151337,46110
55200000,0.0021697874,300.0,0.016286667,99.92324554905295,7542.93680357933,0.37404108,2.2262497,552000,0.33307746,1840,7527,0.9413860403001308,0.0009840152,45610
55230000,0.0040403386,299.66,0.050186664,99.97347591131926,7546.928246498108,0.37335292,5.362442,552300,0.32833847,1841,7389,0.8656942546367645,7.701819e-05,47093
55260000,0.0029569191,299.6,0.02701,98.78425958327949,7550.993778705597,0.3726937,5.2402983,552600,0.32443374,1842,7258,0.8910986334085464,-0.00086315646,45788
55290000,0.0021119057,297.94,0.0155,92.39559697948397,7555.1333174705505,0.3722002,8.432706,552900,0.29867244,1843,7328,0.8545009642839432,-0.0005757081,46033
55320000,0.0010769978,296.87,0.004306667,94.14664892442525,7559.232909679413,0.37189588,13.176779,553200,0.29987207,1844,7394,0.7996361255645752,-0.00095510326,46100
55350000,0.0014053144,298.9,0.00873,97.57853696674108,7563.296521425247,0.37161943,8.583557,553500,0.31579545,1845,7426,0.7922223955392838,-4.2751082e-05,44951
55380000,0.0011377361,300.0,0.00484,96.52372201323509,7567.342276096344,0.3712836,2.1558495,553800,0.32174572,1846,7347,0.9429566413164139,-0.00044469838,47756
55410000,0.00096892624,296.65,0.004343333,100.38557620994747,7571.431919336319,0.37079966,10.842124,554100,0.3194037,1847,7533,0.790541335940361,-0.0002544574,47761
55440000,0.0025924328,299.76,0.021463335,100.49053679302335,7575.420481920242,0.3703813,4.2623873,554400,0.32999727,1848,7507,0.9055953100323677,0.0005283152,46078
55470000,0.0011465559,299.75,0.004863334,97.50390163905918,7579.4226334095,0.36983773,4.9397984,554700,0.3200525,1849,7352,0.8763541802763939,0.0004728472,46166
55500000,0.0006367055,299.75,0.0005766667,96.65924771666526,7583.508909702301,0.3692518,5.7162914,555000,0.31724098,1850,7382,0.8824758231639862,-3.506816e-05,45760
55530000,0.00095319655,299.66,0.00559,99.27210382267833,7587.578728914261,0.3685613,6.1588926,555300,0.3260347,1851,7409,0.8588276356458664,0.00023551864,47299
55560000,0.0031846338,300.0,0.032686666,95.66358481913805,7591.634028434753,0.36745632,1.7698755,555600,0.31887862,1852,7467,0.9503780044615269,-0.0008334626,47208
55590000,0.0009884301,299.5,0.00374,93.39335512205959,7595.657484054565,0.36636907,5.729004,555900,0.30655622,1853,7551,0.9013918936252594,-0.0010711604,46258
55620000,0.00095910067,298.08,0.0067499997,100.97250964790582,7599.636451005936,0.36557117,16.027006,556200,0.31745717,1854,7528,0.6699579358100891,0.0008154954,48650
55650000,0.0008913904,298.91,0.0032600001,98.34912812955677,7603.628027439117,0.36508584,9.166447,556500,0.3182006,1855,7418,0.7775589525699615,-0.0004883594,45478
55680000,0.0030356166,298.93,0.030613333,98.32024610318244,7607.6779091358185,0.36462978,7.510009,556800,0.31819558,1856,7363,0.8620624393224716,-0.0008824896,45379
55710000,0.0024363846,298.92,0.024476666,99.35321391232311,7611.758414268494,0.36425444,11.320223,557100,0.31658387,1857,7215,0.7609228789806366,0.0005266322,45641
55740000,0.0011325417,297.99,0.0060066665,95.78281485542655,7615.9223165512085,0.36393806,18.282581,557400,0.2949786,1858,7337,0.7503311038017273,-0.00041223102,47330
55770000,0.0029092967,299.34,0.02677,98.2815515845269,7620.017644882202,0.3636396,5.260682,557700,0.32296836,1859,7392,0.8962359875440598,-0.00037602,45274
55800000,0.0018711297,297.14,0.0123666655,99.77074317485094,7624.081704616547,0.3632962,13.662193,558000,0.3194408,1860,7397,0.7453102171421051,3.577011e-05,43686
55830000,0.0011267841,298.85,0.0062366663,93.52609804309904,7628.1433255672455,0.36308533,12.929413,558300,0.29718938,1861,7295,0.8120073676109314,0.00033295614,44098
55860000,0.0017405627,300.0,0.012606667,101.31494319446385,7632.261433124542,0.36277902,1.7333778,558600,0.33771646,1862,7497,0.9334205910563469,0.00013481923,45798
55890000,0.0044193855,299.18,0.049993336,94.8950467196852,7636.2685306072235,0.362119,7.4903054,558900,0.30658185,1863,7430,0.8637238591909409,0.0015191606,45389
55920000,0.0044246274,298.69,0.051923335,94.49345946066082,7640.311962842941,0.36164925,13.89061,559200,0.29527587,1864,7530,0.814910277724266,0.00046159606,46598
55950000,0.004033604,299.04,0.040990002,92.4385875055939,7644.3021857738495,0.3613069,8.739527,559500,0.29847777,1865,7274,0.8561100363731384,0.002197926,45534
55980000,0.0056551076,299.53,0.068043336,95.60056134030224,7648.432710409164,0.36099845,5.8336143,559800,0.3138056,1866,7309,0.8658551424741745,-0.00039069206,45991
56010000,0.0043107835,296.48,0.051343333,92.51169531971216,7652.542967796326,0.36061093,14.797435,560100,0.28942308,1867,7308,0.8039727807044983,-0.00093547936,45180
56040000,0.003616041,300.0,0.038346667,97.08901459597051,7656.654672384262,0.36015457,2.2493784,560400,0.32363003,1868,7339,0.9407485574483871,-0.00025249022,46556
56070000,0.006015085,299.01,0.07621,96.12637212209404,7660.747940063477,0.3594859,11.368599,560700,0.3057748,1869,7602,0.7085793614387512,-0.00019647022,45690
56100000,0.0023076013,299.63,0.019456666,102.67134349711239,7664.700501203537,0.35891291,4.2056427,561000,0.337329,1870,7446,0.8430894911289215,0.0007848449,46073
56130000,0.0012710292,300.0,0.009316666,99.80085871763528,7668.748127937317,0.35834014,2.0486245,561300,0.33266953,1871,7289,0.942096684128046,0.0003884452,45614
56160000,0.00094640336,298.87,0.0027033333,101.53432811126113,7672.869606494904,0.3577602,10.723706,561600,0.32383263,1872,7267,0.8025336116552353,0.000735861,45831
56190000,0.0008029466,296.43,0.0027966667,90.8835032312572,7677.004379987717,0.35737073,20.203854,561900,0.27876902,1873,7293,0.7830224633216858,8.2258965e-05,46896
56220000,0.0020229733,299.29,0.013513334,98.61591623216867,7681.12388420105,0.35704696,4.8307004,562200,0.32407326,1874,7544,0.8981747031211853,0.0006249731,44718
56250000,0.0016570482,298.49,0.013196667,95.19239154607058,7685.106163740158,0.35638136,9.752549,562500,0.30802622,1875,7458,0.8641133606433868,-0.00033616537,46091
56280000,0.0006002703,298.93,0.0022666666,96.32570650719106,7689.133914232254,0.3558504,11.827299,562800,0.30635995,1876,7388,0.8164235204458237,0.00083721627,46393
56310000,0.0014307096,299.43,0.010436667,99.87322508871556,7693.20050907135,0.35549194,4.7575912,563100,0.32816353,1877,7512,0.9010858163237572,0.0005967918,45935
56340000,0.003230758,297.84,0.032446668,93.85172998704016,7697.199496746063,0.3551336,10.758539,563400,0.29829103,1878,7456,0.8299921602010727,0.0006197903,45828
56370000,0.0021152603,299.11,0.012836667,98.72997902192175,7701.22861790657,0.35491014,10.05609,563700,0.31940204,1879,7431,0.8038770854473114,0.00062628085,44321
56400000,0.0016528089,300.0,0.01094,99.30070537932217,7705.271596431732,0.35455775,2.3135912,564000,0.33100235,1880,7380,0.9331493228673935,-8.148559e-05,47034
56430000,0.0015384218,298.67,0.0064566666,96.56006812363863,7709.342403411865,0.3539098,10.770102,564300,0.30735335,1881,7330,0.8389753848314285,0.0001352886,46723
56460000,0.005527812,298.71,0.06806333,92.81162111215293,7713.440771818161,0.3535041,7.9522347,564600,0.29961035,1882,7342,0.8669470846652985,3.8863283e-05,44834
56490000,0.0047221724,300.0,0.057733335,95.93801707744598,7717.532582998276,0.3530852,1.7824736,564900,0.3197934,1883,7274,0.9382620826363564,-0.00088865805,45309
56520000,0.003756754,300.0,0.039640002,101.91152615956962,7721.662612438202,0.35234484,1.4969072,565200,0.3397051,1884,7350,0.9493508748710155,-0.00033037565,45032
56550000,0.0010473849,298.15,0.004226667,99.47733772799373,7725.750299692154,0.35117686,8.053284,565500,0.32178572,1885,7370,0.848869800567627,-0.00049748353,46466
56580000,0.0030972145,295.58,0.02634333,102.29803310669959,7729.826411485672,0.3504179,11.013239,565800,0.32709193,1886,7275,0.7478658556938171,0.0018460166,45212
56610000,0.0021807966,299.28,0.015366666,95.66331335619093,7733.956061840057,0.3499488,8.630133,566100,0.30911908,1887,7458,0.8384675085544586,-0.0006275985,44256
56640000,0.002529325,300.0,0.020213332,96.34936421811581,7737.984840393066,0.3493287,2.1953692,566400,0.32116455,1888,7184,0.9518012702465057,-0.00036448758,40587
56670000,0.0018615037,299.77,0.0101166675,97.79443596683443,7742.16610956192,0.3484475,5.1338263,566700,0.32103127,1889,7368,0.8889584913849831,-0.0009323893,45729
56700000,0.0023828994,298.69,0.018460002,93.53315801136196,7746.243357658386,0.3475799,11.592215,567000,0.29723448,1890,7472,0.85086590051651,0.0003891413,44247
56730000,0.0011292283,297.85,0.0062200003,97.24714336656034,7750.26406955719,0.3469572,11.743891,567300,0.30925494,1891,7446,0.8067736923694611,0.0002828072,46209
56760000,0.0013891457,298.05,0.00818,96.79932346634567,7754.29877614975,0.34652954,15.354708,567600,0.30323794,1892,7461,0.7871376872062683,0.0002874154,44951
56790000,0.0009295462,298.16,0.0053166663,98.21066283449531,7758.325608491898,0.3462503,7.698874,567900,0.31750113,1893,7266,0.8717212378978729,0.00021577494,45510
56820000,0.001247447,298.51,0.008406667,99.19126865319907,7762.460112333298,0.34590718,8.019999,568200,0.32108065,1894,7638,0.829830065369606,-4.3998134e-05,46059
56850000,0.0037047241,299.78,0.04146667,92.63681175336242,7766.394424438477,0.3454235,4.9928417,568500,0.30381057,1895,7476,0.9238820225000381,-0.00096470874,47030
56880000,0.0015102045,299.72,0.0068333345,99.74285056091846,7770.413367271423,0.34499252,4.8353753,568800,0.32754818,1896,7318,0.873780757188797,-0.0002193669,46504
56910000,0.0033647432,299.5,0.034313336,99.84876930169762,7774.51873755455,0.34448627,5.436193,569100,0.3280376,1897,7355,0.872835099697113,-0.00014104003,47856
56940000,0.0023807692,300.0,0.016396668,98.7600189333409,7778.603196382523,0.3437118,1.9095185,569400,0.32920006,1898,7460,0.9503365680575371,-7.7488454e-05,45935
56970000,0.0017151169,298.04,0.009303333,100.07257765121759,7782.6302671432495,0.34293404,8.019026,569700,0.32420436,1899,7428,0.8484950810670853,0.00047759362,45301
57000000,0.0037210528,299.03,0.04169333,98.88429083034396,7786.674567222595,0.3423697,7.915198,570000,0.31982973,1900,7451,0.8440980017185211,-0.0008066736,45508
57030000,0.000973177,300.0,0.0025500003,94.7464086689055,7790.719030380249,0.34195486,2.4674199,570300,0.31582138,1901,7306,0.9514921680092812,-0.00016048465,40347
57060000,0.00090994907,299.14,0.0044366666,100.93179470658302,7794.830937862396,0.34131202,7.907074,570600,0.32682273,1902,7379,0.8552658259868622,0.00073068275,46121
57090000,0.003324933,299.44,0.033326667,96.92910707063973,7798.901855230331,0.34079784,8.324244,570900,0.31320894,1903,7394,0.8520973324775696,-0.0006196788,46219
57120000,0.0017216529,299.04,0.01361,96.57994493983686,7802.964879989624,0.34042162,9.024488,571200,0.312252,1904,7382,0.8222030401229858,-0.00019158682,45484
57150000,0.0021637916,297.2,0.022296667,95.5552291572094,7807.034165143967,0.34007022,9.882615,571500,0.30914652,1905,7606,0.8234797269105911,-0.0006176436,48011
57180000,0.0014636817,298.04,0.0069299997,100.81956856995821,7810.984459877014,0.33980504,9.707223,571800,0.3211757,1906,7554,0.8440602123737335,8.38336e-06,45320
57210000,0.0014217554,297.35,0.0089,95.3675273296982,7814.962031364441,0.33948928,8.883676,572100,0.30817664,1907,7400,0.8659590631723404,-0.00020429594,46120
57240000,0.0023750276,300.0,0.017930001,99.88672361932694,7819.021711587906,0.3390088,2.4135458,572400,0.33295572,1908,7366,0.9266932234168053,0.0010616671,46072
57270000,0.0023306613,298.11,0.01816,98.93320542611181,7823.100020170212,0.33822888,4.6309543,572700,0.32467973,1909,7516,0.898233637213707,0.000924813,44225
57300000,0.0010178235,299.01,0.005053333,99.34021260507404,7827.096871852875,0.3375097,9.858318,573000,0.3161317,1910,7495,0.8183130174875259,0.00022359076,46274
57330000,0.003518803,298.77,0.037126668,98.26235445968807,7831.105535030365,0.3368357,5.870208,573300,0.32312047,1911,7308,0.8931479528546333,-0.0001452157,46306
57360000,0.0019555534,299.57,0.012869999,96.63091562472283,7835.216633796692,0.3363827,6.395715,573600,0.3172865,1912,7372,0.8452358692884445,0.00024404466,46240
57390000,0.00070415676,298.42,0.0033766665,99.07310658693314,7839.291717767715,0.3360267,12.881365,573900,0.31600168,1913,7445,0.7551631480455399,-0.0006186156,46140
57420000,0.0025240674,299.78,0.02036,102.3387252394855,7843.327664375305,0.3356349,4.836137,574200,0.33610904,1914,7574,0.8430876135826111,8.040639e-05,47135
57450000,0.0014043262,300.0,0.00931,94.50998148731887,7847.294021368027,0.33503127,2.0909586,574500,0.31503326,1915,7307,0.9585776180028915,-0.0006195805,46074
57480000,0.002740779,299.79,0.022750001,98.46794614046811,7851.405417919159,0.33420008,4.283347,574800,0.32323608,1916,7410,0.9090689644217491,0.0007837195,46350
57510000,0.0025078566,296.29,0.0218,96.36892176911235,7855.4595079422,0.33356133,10.5018215,575100,0.30668062,1917,7501,0.8561404198408127,7.855094e-05,46663
57540000,0.0031365186,300.0,0.03232667,97.53724766738713,7859.465666294098,0.3330317,1.8010416,575400,0.32512414,1918,7360,0.9628808870911598,-0.00037622664,46247
57570000,0.0008117538,298.89,0.0027333333,101.9273394382745,7863.547321557999,0.33229855,7.062204,575700,0.32996815,1919,7617,0.8759440556168556,-0.0007382963,47355
57600000,0.003154821,299.68,0.02885,94.32029151700436,7867.491405725479,0.33161777,6.10201,576000,0.309494,1920,7394,0.8922833800315857,0.00015221222,45008
57630000,0.0013762875,299.03,0.00948,94.2226861807704,7871.554369688034,0.33111456,9.146557,576300,0.30453047,1921,7452,0.8810323178768158,-0.00016785288,46296
57660000,0.00083004066,300.0,0.004406667,100.18160945855081,7875.586475372314,0.33054906,1.9041255,576600,0.33393872,1922,7446,0.9567309468984604,0.00040801748,45897
57690000,0.0029157035,299.58,0.02651,95.34351476170123,7879.621066093445,0.32953227,5.677506,576900,0.31297925,1923,7499,0.9205662608146667,-0.00068819243,45508
57720000,0.0021664393,300.0,0.01553,99.39500102743506,7883.627294063568,0.32848257,1.6632792,577200,0.33131668,1924,7338,0.9662203155457973,-0.00028488325,44500
57750000,0.0005991779,299.5,0.0022333332,96.14123294599354,7887.720752477646,0.3273347,5.95828,577500,0.31565464,1925,7368,0.8868579119443893,-0.00027461827,45929
57780000,0.0019520177,297.25,0.008303333,96.21351735889911,7891.798312187195,0.32660267,10.43593,577800,0.30573228,1926,7464,0.8463466763496399,-0.00034978995,46544
57810000,0.0014287732,300.0,0.007543334,101.13164924927055,7895.823605298996,0.32606837,1.6768758,578100,0.3371055,1927,7374,0.9621026329696178,-5.628702e-05,46597
57840000,0.002838301,299.61,0.02395333,95.26327520877123,7899.897321224213,0.3252023,4.49825,578400,0.31264234,1928,7188,0.911086916923523,0.00019121589,44685
57870000,0.0013781692,300.0,0.00661,100.81294687665999,7904.076915502548,0.32422522,1.804218,578700,0.33604315,1929,7350,0.9551007486879826,-4.6372123e-05,45983
57900000,0.0018120401,297.19,0.013486667,97.419909529984,7908.1639358997345,0.32341057,5.754287,579000,0.32078734,1930,7510,0.9086388200521469,0.00031827393,46521
57930000,0.0013187913,299.6,0.008459999,97.63859370410442,7912.164452075958,0.32286996,5.775687,579300,0.32060635,1931,7405,0.8866432532668114,-0.00092960306,45122
57960000,0.0010275303,300.0,0.004573333,95.39916712537408,7916.221683740616,0.32230106,1.9930227,579600,0.31799725,1932,7279,0.962615542113781,-0.0003129191,45995
57990000,0.0021053175,300.0,0.019303333,94.35704494670034,7920.348766088486,0.32163396,2.2182648,579900,0.31452346,1933,7506,0.9598471447825432,-0.00014201256,45714
58020000,0.0011550119,297.18,0.006606667,99.33622876480221,7924.351073980331,0.32082328,12.737012,580200,0.31701225,1934,7520,0.7973503768444061,0.00010360046,46332
58050000,0.00066921755,299.5,0.0030166667,96.61622466653586,7928.346279382706,0.32033953,6.487329,580500,0.31730574,1935,7359,0.8795897886157036,0.00033653845,47372
58080000,0.0017598219,297.71,0.014883334,100.37793658383191,7932.428837776184,0.31995553,12.273762,580800,0.32022846,1936,7335,0.7455606758594513,-0.0003092181,46531
58110000,0.0017033512,299.37,0.015323333,101.12317152187228,7936.525319576263,0.31958583,8.661404,581100,0.3272346,1937,7469,0.838751882314682,-0.00029582094,45430
58140000,0.0017942803,297.39,0.00928,99.87849285535515,7940.547662734985,0.31920046,17.605442,581400,0.3089985,1938,7374,0.7796411961317062,0.00078509806,46262
58170000,0.001004027,300.0,0.0058866674,100.79642632700502,7944.6233241558075,0.3188083,2.1643167,581700,0.33598804,1939,7341,0.9556665942072868,0.0009950567,46089
58200000,0.001167623,299.26,0.0066133337,97.2928691084683,7948.715509414673,0.31835824,8.631852,582000,0.3145492,1940,7382,0.8654569685459137,-0.00039507574,43032
58230000,0.0050954055,300.0,0.06138,98.37966644987463,7952.785305023193,0.31804913,1.860375,582300,0.32793224,1941,7463,0.9439921416342258,9.723627e-05,46835
58260000,0.0029543522,300.0,0.026396668,100.3027857631445,7956.810741901398,0.31757802,2.0523448,582600,0.3343426,1942,7498,0.9514928981661797,0.0009650447,47368
58290000,0.0010675609,300.0,0.003446667,100.61075634635985,7960.81746006012,0.3165551,1.6277666,582900,0.33536917,1943,7291,0.9579999968409538,-0.0004534345,45741
58320000,0.001602759,299.45,0.013186666,100.49057553589344,7964.938037633896,0.31526807,5.216407,583200,0.33024418,1944,7571,0.884597510099411,-0.0006900818,46359
58350000,0.0021340135,299.48,0.014166666,100.87677794896067,7968.906400918961,0.31431016,7.33013,583500,0.32634318,1945,7511,0.8754198923707008,-0.0016721416,45934
58380000,0.0010140697,300.0,0.00659,100.59571385778487,7972.906258106232,0.3136701,1.8699377,583800,0.33531907,1946,7344,0.9533998556435108,0.00018645269,45762
58410000,0.0034967847,299.77,0.032893334,98.01152791813016,7976.997364759445,0.312871,4.931703,584100,0.32161868,1947,7459,0.9064725041389465,-0.0007679444,47009
58440000,0.002619404,300.0,0.0222,101.24667563252152,7981.025009870529,0.31171888,1.9046776,584400,0.33748892,1948,7260,0.9521494247019291,0.00059894624,43366
58470000,0.0018222049,300.0,0.009983334,94.04862667135895,7985.1637308597565,0.3104705,2.080977,584700,0.31349546,1949,7319,0.9656025990843773,-0.0007360179,44301
58500000,0.0014961668,298.62,0.0072799996,102.44975616246462,7989.268996715546,0.30943125,4.58405,585000,0.3367534,1950,7442,0.8856635838747025,0.0010469042,46164
58530000,0.0038224012,299.19,0.045103334,101.30104032710194,7993.306102991104,0.3086897,11.170992,585300,0.32278857,1951,7510,0.8091973811388016,-0.00010872411,47697
58560000,0.0039116694,298.31,0.04334,97.86475837998093,7997.306936979294,0.30817637,11.8716345,585600,0.31200808,1952,7307,0.8427688330411911,0.00030179616,48226
58590000,0.0029832616,300.0,0.03191,101.29174527511,8001.418562412262,0.30768618,1.7940817,585900,0.33763915,1953,7395,0.9349402710795403,0.00030954808,45743
58620000,0.003019724,299.44,0.027540002,93.53289178781212,8005.480652809143,0.307093,7.317215,586200,0.3019187,1954,7568,0.8968214690685272,-0.000120492106,46299
58650000,0.0007947066,300.0,0.0027866666,95.58828874818981,8009.450239419937,0.3065859,2.003561,586500,0.3186276,1955,7332,0.9652686044573784,-0.00037896173,47322
58680000,0.0018831171,298.79,0.01286,101.84489006906747,8013.547645568848,0.30597514,11.705946,586800,0.3249818,1956,7533,0.8397367745637894,0.0031065717,46791
58710000,0.0015475122,300.0,0.0040466664,99.76481880493462,8017.5361614227295,0.30548638,2.2379556,587100,0.3325494,1957,7361,0.9514167495071888,0.0025880963,47030
58740000,0.0027127357,299.32,0.023733333,101.45084534183144,8021.617369651794,0.30482468,9.116346,587400,0.32835644,1958,7482,0.8153804391622543,-0.0005197746,46595
58770000,0.0026035763,300.0,0.02495667,100.08222977854311,8025.633390665054,0.3041224,1.8488228,587700,0.33360747,1959,7476,0.9550676010549068,0.0003281784,46947
58800000,0.0021126599,299.65,0.01582,99.93196365937591,8029.6519021987915,0.30299896,5.0522237,588000,0.328193,1960,7346,0.8779610171914101,0.0011057059,44246
58830000,0.00044300937,298.5,0.0012666667,101.52420177921653,8033.741585493088,0.302275,10.488357,588300,0.32867366,1961,7525,0.7611037045717239,-9.715794e-05,45197
58860000,0.00198363,300.0,0.016246665,100.26604719653726,8037.734299898148,0.30159792,1.9804604,588600,0.33422014,1962,7213,0.9527853094041348,-0.00022594251,45857
58890000,0.0032830716,300.0,0.030486664,98.10562299534678,8041.89960193634,0.3006491,2.31496,588900,0.3270187,1963,7483,0.950714286416769,-0.00011541861,47095
58920000,0.0012555004,300.0,0.008213334,97.41273678660393,8045.914506673813,0.29984695,1.8583071,589200,0.32470915,1964,7393,0.9639070220291615,-0.00064248,46657
58950000,0.001518898,299.07,0.012423333,97.0347161475569,8049.978010892868,0.29865235,9.28488,589500,0.31371656,1965,7510,0.8761100545525551,0.00041521812,45348
58980000,0.004247959,299.55,0.037596665,98.57303686574102,8053.978691339493,0.29795542,5.2651625,589800,0.32376564,1966,7421,0.8961241021752357,-0.0009164175,45643
59010000,0.0016950328,298.56,0.012393335,98.9891991842538,8058.0273060798645,0.29746208,7.5827928,590100,0.32034895,1967,7471,0.8699440956115723,-0.0003446727,48489
59040000,0.00093991065,299.36,0.0042166663,101.80130454361439,8062.049043178558,0.29697236,5.576465,590400,0.33465576,1968,7342,0.8742969334125519,3.380941e-06,45447
59070000,0.0027927877,300.0,0.029506665,102.18641209267079,8066.140828132629,0.296266,1.8901488,590700,0.34062135,1969,7315,0.9424432925879955,0.000267393,45667
59100000,0.0026748509,300.0,0.020703334,100.83478564910591,8070.24768781662,0.29518232,1.7230699,591000,0.33611596,1970,7455,0.959156159311533,-0.0008070497,45042
59130000,0.0012500661,299.24,0.0057433336,99.81125116929412,8074.277263879776,0.29379466,9.380005,591300,0.32301897,1971,7466,0.8547592610120773,-0.00043257666,44717
59160000,0.0021530124,299.59,0.01696,100.13692831635475,8078.3011565208435,0.2929305,5.2163944,591600,0.32886446,1972,7320,0.8829827979207039,0.0008898033,46027
59190000,0.0014778044,298.6,0.008576667,99.63915463387966,8082.405211210251,0.29233444,9.660509,591900,0.3227807,1973,7247,0.8008257895708084,-0.00059900247,45231
59220000,0.0029679514,299.6,0.029923331,97.65131525181233,8086.551084518433,0.29195255,5.704428,592200,0.3206599,1974,7442,0.8944828659296036,-0.00029019275,46011
59250000,0.003061586,300.0,0.028203335,95.99976681426168,8090.588068723679,0.29146343,2.0471706,592500,0.31999922,1975,7160,0.9649133943021297,-0.0011398067,45465
59280000,0.0013406527,298.81,0.0061800005,97.12672461487352,8094.784155130386,0.29068977,10.796102,592800,0.31435353,1976,7317,0.81741863489151,-0.00018748225,46600
59310000,0.0034392818,299.4,0.039536666,104.0582554191351,8098.890310287476,0.290116,5.561548,593100,0.34215984,1977,7149,0.7914563566446304,-0.00024204748,46257
59340000,0.0036465146,298.63,0.03895,102.14713138230145,8103.10630106926,0.2895204,5.1520267,593400,0.33584103,1978,7254,0.8742228895425797,-0.0004679929,47570
59370000,0.003732597,297.91,0.044656668,93.32941276684403,8107.247891426086,0.28898457,9.476955,593700,0.30196992,1979,7436,0.8538756519556046,-0.0009186384,45757
59400000,0.0012761441,297.51,0.00545,98.21638654977083,8111.287876605988,0.28858703,5.9146347,594000,0.3229014,1980,7329,0.8904010206460953,-0.00031243786,47056
59430000,0.006436172,297.25,0.08337333,95.01051371976733,8115.387117862701,0.28822303,12.008719,594300,0.30270612,1981,7494,0.8544443994760513,0.0014388001,45213
59460000,0.0034601397,300.0,0.021756668,101.82411077849567,8119.396089076996,0.28785747,2.1974807,594600,0.33941373,1982,7310,0.9532469920814037,0.002889289,44514
59490000,0.0014236454,300.0,0.009803333,97.63912967979908,8123.505755901337,0.2873967,1.9997215,594900,0.32546377,1983,7480,0.9560467638075352,-6.464154e-05,45148
59520000,0.0017325117,300.0,0.008983334,99.48771979533136,8127.521972179413,0.286794,1.9485121,595200,0.33162573,1984,7388,0.9604222774505615,-0.00031702654,45249
59550000,0.00073687837,300.0,0.0029,100.30434687025846,8131.588512182236,0.28626597,2.0011668,595500,0.33434784,1985,7525,0.9530042186379433,-0.00043230382,47720
59580000,0.0018686658,299.56,0.015533334,101.07741676293314,8135.5810968875885,0.28556794,5.5517607,595800,0.3319221,1986,7346,0.8811642229557037,-0.0004940973,45997
59610000,0.0043274136,300.0,0.04560333,99.6604034268111,8139.670634508133,0.2848642,2.0574028,596100,0.33220136,1987,7323,0.957461379468441,0.0012983268,44549
59640000,0.0024064933,299.27,0.017076666,99.75017863325775,8143.772564649582,0.2841833,7.2577186,596400,0.32276487,1988,7381,0.8725989609956741,0.00064329314,45544
59670000,0.0011908023,298.89,0.0044366666,101.03962691351771,8147.842816352844,0.28369814,8.6716585,596700,0.32723653,1989,7348,0.8542336821556091,0.0018960958,45440
59700000,0.001739871,300.0,0.009723334,99.8469978927821,8151.931314468384,0.2831706,1.7945688,597000,0.33282334,1990,7394,0.9614844098687172,-0.00043310985,46100
59730000,0.0019590112,300.0,0.012573333,98.43516288913787,8155.995265245438,0.28238338,2.0880003,597300,0.32811722,1991,7535,0.9572792574763298,-0.00089959207,46142
59760000,0.0023468456,300.0,0.0077933334,99.74682410866022,8159.982725858688,0.28137308,2.1779156,597600,0.33248943,1992,7514,0.9606582596898079,0.0024579123,46995
59790000,0.00094160327,299.5,0.0029966668,99.43511166863144,8163.980624437332,0.28045475,5.1395593,597900,0.32668912,1993,7270,0.9134315997362137,0.0003227931,46272
59820000,0.0009831669,298.74,0.005313333,92.02655639655887,8168.112852811813,0.2798031,5.6892633,598200,0.30192605,1994,7466,0.9357817620038986,-0.00040105832,46264
59850000,0.0016662963,298.63,0.014163333,101.99320898480714,8172.137255907059,0.27935687,9.783312,598500,0.33068836,1995,7549,0.8389939665794373,4.7847137e-05,46208
59880000,0.0010654258,297.87,0.00509,99.87856839895248,8176.117730855942,0.2790095,8.736132,598800,0.32299194,1996,7420,0.8635249584913254,0.0008751461,46924
59910000,0.0031596553,300.0,0.029826667,97.76655528493225,8180.16651391983,0.27854663,2.0079372,599100,0.32588854,1997,7583,0.9701910205185413,0.000653249,46990
59940000,0.0066601955,300.0,0.084136665,92.28900986246765,8184.128048658371,0.2776845,2.2147355,599400,0.30763,1998,7443,0.9709802325814962,0.0028724703,45837
59970000,0.004652015,300.0,0.055940002,99.51694229602813,8188.164263010025,0.27685457,1.8501055,599700,0.33172318,1999,7353,0.9617193005979061,-0.00045203982,44792
60000000,0.0026361588,300.0,0.022449998,101.87455053672194,8192.249980688095,0.27585164,1.9738547,600000,0.33958185,2000,7371,0.9568587057292461,6.441139e-05,46633
